id,Exited
15000,0
15001,0
15002,0
15003,1
15004,1
15005,1
15006,0
15007,0
15008,0
15009,0
15010,1
15011,1
15012,0
15013,0
15014,0
15015,0
15016,0
15017,0
15018,0
15019,0
15020,0
15021,0
15022,1
15023,0
15024,0
15025,1
15026,1
15027,1
15028,1
15029,0
15030,0
15031,0
15032,0
15033,0
15034,1
15035,0
15036,0
15037,0
15038,0
15039,0
15040,1
15041,1
15042,0
15043,1
15044,0
15045,1
15046,1
15047,0
15048,0
15049,0
15050,1
15051,1
15052,0
15053,0
15054,0
15055,0
15056,0
15057,0
15058,0
15059,0
15060,0
15061,0
15062,1
15063,1
15064,1
15065,1
15066,1
15067,0
15068,0
15069,0
15070,0
15071,0
15072,0
15073,0
15074,1
15075,0
15076,0
15077,0
15078,0
15079,0
15080,1
15081,0
15082,0
15083,0
15084,0
15085,1
15086,0
15087,0
15088,0
15089,1
15090,0
15091,0
15092,1
15093,0
15094,0
15095,1
15096,0
15097,0
15098,0
15099,0
15100,0
15101,1
15102,1
15103,0
15104,0
15105,0
15106,0
15107,1
15108,1
15109,0
15110,0
15111,1
15112,0
15113,0
15114,0
15115,0
15116,1
15117,1
15118,0
15119,0
15120,1
15121,0
15122,0
15123,0
15124,0
15125,1
15126,1
15127,1
15128,0
15129,1
15130,1
15131,0
15132,0
15133,0
15134,1
15135,0
15136,0
15137,1
15138,1
15139,0
15140,1
15141,0
15142,0
15143,1
15144,0
15145,1
15146,0
15147,0
15148,1
15149,1
15150,0
15151,0
15152,1
15153,1
15154,0
15155,1
15156,0
15157,0
15158,1
15159,1
15160,1
15161,0
15162,0
15163,1
15164,0
15165,0
15166,0
15167,1
15168,0
15169,0
15170,1
15171,0
15172,0
15173,0
15174,0
15175,0
15176,1
15177,0
15178,0
15179,0
15180,0
15181,1
15182,0
15183,0
15184,0
15185,0
15186,0
15187,0
15188,1
15189,0
15190,1
15191,0
15192,0
15193,1
15194,1
15195,0
15196,0
15197,0
15198,0
15199,1
15200,1
15201,0
15202,1
15203,0
15204,1
15205,0
15206,0
15207,0
15208,0
15209,1
15210,0
15211,0
15212,0
15213,0
15214,0
15215,1
15216,0
15217,1
15218,0
15219,1
15220,0
15221,1
15222,1
15223,1
15224,0
15225,1
15226,1
15227,1
15228,0
15229,0
15230,0
15231,0
15232,0
15233,0
15234,1
15235,0
15236,1
15237,1
15238,0
15239,0
15240,1
15241,0
15242,1
15243,0
15244,0
15245,0
15246,0
15247,1
15248,1
15249,0
15250,1
15251,0
15252,1
15253,1
15254,0
15255,0
15256,1
15257,0
15258,1
15259,0
15260,0
15261,0
15262,0
15263,0
15264,1
15265,0
15266,1
15267,0
15268,1
15269,0
15270,0
15271,0
15272,1
15273,0
15274,1
15275,1
15276,0
15277,0
15278,0
15279,0
15280,0
15281,0
15282,0
15283,0
15284,0
15285,0
15286,0
15287,0
15288,0
15289,0
15290,0
15291,1
15292,1
15293,1
15294,0
15295,0
15296,0
15297,1
15298,0
15299,0
15300,1
15301,1
15302,0
15303,0
15304,0
15305,1
15306,1
15307,0
15308,1
15309,1
15310,1
15311,1
15312,0
15313,0
15314,1
15315,1
15316,1
15317,1
15318,0
15319,0
15320,1
15321,1
15322,0
15323,1
15324,1
15325,0
15326,0
15327,0
15328,1
15329,0
15330,0
15331,0
15332,0
15333,0
15334,0
15335,0
15336,0
15337,1
15338,0
15339,1
15340,1
15341,1
15342,1
15343,0
15344,0
15345,1
15346,1
15347,0
15348,1
15349,1
15350,0
15351,1
15352,0
15353,0
15354,0
15355,0
15356,1
15357,1
15358,1
15359,1
15360,0
15361,0
15362,0
15363,0
15364,1
15365,0
15366,0
15367,0
15368,0
15369,0
15370,1
15371,0
15372,0
15373,1
15374,0
15375,1
15376,1
15377,0
15378,0
15379,0
15380,1
15381,1
15382,0
15383,0
15384,0
15385,0
15386,0
15387,0
15388,1
15389,0
15390,0
15391,1
15392,0
15393,0
15394,0
15395,1
15396,0
15397,1
15398,0
15399,1
15400,1
15401,1
15402,0
15403,0
15404,0
15405,1
15406,0
15407,0
15408,0
15409,0
15410,0
15411,0
15412,0
15413,0
15414,0
15415,1
15416,1
15417,1
15418,1
15419,0
15420,0
15421,1
15422,1
15423,1
15424,1
15425,0
15426,1
15427,0
15428,0
15429,0
15430,0
15431,1
15432,0
15433,0
15434,0
15435,1
15436,0
15437,0
15438,0
15439,0
15440,1
15441,0
15442,0
15443,1
15444,0
15445,1
15446,0
15447,0
15448,1
15449,0
15450,0
15451,0
15452,0
15453,0
15454,1
15455,0
15456,1
15457,0
15458,0
15459,0
15460,0
15461,1
15462,0
15463,0
15464,0
15465,0
15466,1
15467,0
15468,0
15469,0
15470,0
15471,0
15472,1
15473,0
15474,1
15475,0
15476,1
15477,1
15478,1
15479,1
15480,0
15481,0
15482,1
15483,0
15484,1
15485,0
15486,0
15487,1
15488,0
15489,1
15490,1
15491,0
15492,1
15493,1
15494,0
15495,1
15496,1
15497,0
15498,1
15499,1
15500,0
15501,1
15502,1
15503,1
15504,0
15505,0
15506,0
15507,0
15508,0
15509,0
15510,1
15511,0
15512,0
15513,0
15514,0
15515,0
15516,0
15517,0
15518,0
15519,0
15520,1
15521,1
15522,0
15523,1
15524,0
15525,1
15526,1
15527,1
15528,0
15529,0
15530,0
15531,0
15532,1
15533,0
15534,1
15535,0
15536,0
15537,0
15538,0
15539,0
15540,1
15541,0
15542,1
15543,1
15544,0
15545,0
15546,1
15547,0
15548,0
15549,1
15550,0
15551,0
15552,1
15553,1
15554,0
15555,0
15556,0
15557,1
15558,0
15559,1
15560,0
15561,1
15562,0
15563,0
15564,1
15565,0
15566,0
15567,1
15568,1
15569,1
15570,0
15571,1
15572,0
15573,0
15574,0
15575,0
15576,1
15577,1
15578,0
15579,1
15580,0
15581,1
15582,1
15583,0
15584,0
15585,0
15586,1
15587,0
15588,0
15589,1
15590,0
15591,0
15592,0
15593,0
15594,1
15595,0
15596,1
15597,0
15598,0
15599,1
15600,1
15601,1
15602,1
15603,1
15604,0
15605,1
15606,1
15607,1
15608,0
15609,0
15610,0
15611,1
15612,1
15613,0
15614,0
15615,0
15616,0
15617,0
15618,1
15619,0
15620,1
15621,0
15622,1
15623,0
15624,0
15625,0
15626,1
15627,1
15628,0
15629,1
15630,0
15631,0
15632,1
15633,1
15634,0
15635,1
15636,0
15637,1
15638,0
15639,1
15640,1
15641,0
15642,1
15643,0
15644,1
15645,1
15646,1
15647,0
15648,1
15649,0
15650,1
15651,0
15652,1
15653,0
15654,0
15655,1
15656,0
15657,1
15658,0
15659,0
15660,0
15661,0
15662,0
15663,0
15664,1
15665,0
15666,1
15667,0
15668,0
15669,1
15670,0
15671,0
15672,1
15673,0
15674,0
15675,0
15676,0
15677,1
15678,0
15679,0
15680,1
15681,0
15682,0
15683,0
15684,0
15685,0
15686,0
15687,1
15688,1
15689,0
15690,1
15691,1
15692,0
15693,1
15694,1
15695,0
15696,0
15697,1
15698,0
15699,1
15700,0
15701,1
15702,0
15703,1
15704,0
15705,0
15706,0
15707,0
15708,0
15709,1
15710,0
15711,0
15712,0
15713,1
15714,1
15715,0
15716,0
15717,0
15718,0
15719,0
15720,0
15721,0
15722,0
15723,0
15724,1
15725,0
15726,1
15727,1
15728,1
15729,0
15730,1
15731,1
15732,0
15733,0
15734,0
15735,0
15736,0
15737,1
15738,1
15739,0
15740,0
15741,1
15742,0
15743,1
15744,1
15745,0
15746,1
15747,1
15748,0
15749,0
15750,1
15751,0
15752,0
15753,1
15754,0
15755,1
15756,1
15757,1
15758,0
15759,0
15760,0
15761,0
15762,0
15763,1
15764,1
15765,1
15766,0
15767,0
15768,0
15769,1
15770,0
15771,1
15772,0
15773,1
15774,1
15775,0
15776,1
15777,0
15778,1
15779,1
15780,0
15781,1
15782,1
15783,0
15784,0
15785,0
15786,1
15787,0
15788,1
15789,0
15790,1
15791,0
15792,0
15793,1
15794,1
15795,1
15796,0
15797,0
15798,1
15799,0
15800,0
15801,1
15802,1
15803,0
15804,0
15805,0
15806,1
15807,0
15808,0
15809,0
15810,1
15811,1
15812,0
15813,0
15814,0
15815,1
15816,0
15817,1
15818,0
15819,0
15820,1
15821,0
15822,0
15823,1
15824,1
15825,0
15826,1
15827,0
15828,1
15829,0
15830,0
15831,0
15832,1
15833,1
15834,0
15835,1
15836,1
15837,1
15838,0
15839,0
15840,0
15841,0
15842,1
15843,0
15844,1
15845,1
15846,0
15847,0
15848,0
15849,0
15850,0
15851,0
15852,0
15853,0
15854,1
15855,0
15856,0
15857,0
15858,0
15859,0
15860,0
15861,0
15862,0
15863,0
15864,1
15865,0
15866,1
15867,0
15868,1
15869,1
15870,0
15871,0
15872,0
15873,1
15874,0
15875,1
15876,0
15877,1
15878,0
15879,1
15880,0
15881,0
15882,0
15883,1
15884,0
15885,0
15886,0
15887,0
15888,0
15889,1
15890,0
15891,0
15892,1
15893,0
15894,0
15895,0
15896,0
15897,0
15898,1
15899,1
15900,0
15901,1
15902,1
15903,0
15904,0
15905,1
15906,1
15907,0
15908,0
15909,0
15910,0
15911,0
15912,0
15913,1
15914,0
15915,0
15916,0
15917,1
15918,0
15919,1
15920,0
15921,0
15922,0
15923,1
15924,1
15925,0
15926,0
15927,0
15928,1
15929,0
15930,0
15931,1
15932,0
15933,1
15934,0
15935,0
15936,0
15937,0
15938,0
15939,0
15940,0
15941,0
15942,1
15943,0
15944,0
15945,1
15946,0
15947,0
15948,0
15949,0
15950,0
15951,1
15952,1
15953,1
15954,0
15955,0
15956,1
15957,0
15958,1
15959,1
15960,0
15961,0
15962,0
15963,0
15964,0
15965,0
15966,1
15967,1
15968,0
15969,1
15970,1
15971,0
15972,0
15973,0
15974,0
15975,1
15976,1
15977,0
15978,0
15979,1
15980,0
15981,0
15982,0
15983,0
15984,0
15985,1
15986,1
15987,0
15988,0
15989,1
15990,1
15991,1
15992,0
15993,0
15994,0
15995,0
15996,1
15997,1
15998,1
15999,1
16000,0
16001,1
16002,1
16003,0
16004,1
16005,1
16006,0
16007,1
16008,0
16009,1
16010,1
16011,0
16012,0
16013,0
16014,0
16015,0
16016,1
16017,1
16018,0
16019,1
16020,1
16021,0
16022,0
16023,0
16024,0
16025,0
16026,0
16027,0
16028,1
16029,1
16030,0
16031,0
16032,0
16033,0
16034,1
16035,0
16036,1
16037,1
16038,1
16039,0
16040,0
16041,0
16042,1
16043,0
16044,0
16045,0
16046,0
16047,0
16048,0
16049,0
16050,1
16051,0
16052,0
16053,1
16054,1
16055,0
16056,0
16057,0
16058,1
16059,0
16060,1
16061,0
16062,0
16063,1
16064,0
16065,0
16066,1
16067,1
16068,0
16069,0
16070,0
16071,0
16072,0
16073,0
16074,0
16075,0
16076,0
16077,0
16078,0
16079,0
16080,0
16081,1
16082,1
16083,0
16084,0
16085,0
16086,1
16087,1
16088,1
16089,1
16090,1
16091,0
16092,0
16093,0
16094,1
16095,0
16096,0
16097,0
16098,1
16099,1
16100,0
16101,1
16102,1
16103,1
16104,0
16105,0
16106,0
16107,0
16108,0
16109,0
16110,1
16111,0
16112,1
16113,0
16114,0
16115,1
16116,0
16117,1
16118,0
16119,1
16120,0
16121,1
16122,0
16123,0
16124,1
16125,0
16126,0
16127,0
16128,0
16129,1
16130,1
16131,0
16132,1
16133,0
16134,0
16135,0
16136,1
16137,1
16138,1
16139,1
16140,0
16141,0
16142,0
16143,1
16144,0
16145,0
16146,1
16147,0
16148,0
16149,0
16150,0
16151,0
16152,0
16153,1
16154,1
16155,1
16156,1
16157,0
16158,0
16159,0
16160,1
16161,0
16162,0
16163,1
16164,0
16165,1
16166,0
16167,0
16168,0
16169,1
16170,1
16171,1
16172,1
16173,0
16174,1
16175,0
16176,0
16177,1
16178,0
16179,1
16180,1
16181,0
16182,1
16183,1
16184,1
16185,0
16186,0
16187,0
16188,0
16189,0
16190,0
16191,0
16192,0
16193,0
16194,0
16195,1
16196,1
16197,1
16198,1
16199,0
16200,0
16201,0
16202,0
16203,0
16204,1
16205,0
16206,0
16207,0
16208,0
16209,1
16210,0
16211,0
16212,1
16213,0
16214,0
16215,0
16216,0
16217,0
16218,0
16219,0
16220,0
16221,1
16222,1
16223,0
16224,0
16225,0
16226,0
16227,1
16228,0
16229,1
16230,0
16231,0
16232,0
16233,0
16234,0
16235,0
16236,1
16237,0
16238,0
16239,1
16240,0
16241,1
16242,0
16243,0
16244,1
16245,0
16246,0
16247,1
16248,0
16249,0
16250,0
16251,1
16252,1
16253,0
16254,1
16255,1
16256,0
16257,0
16258,0
16259,0
16260,0
16261,1
16262,1
16263,0
16264,0
16265,0
16266,0
16267,0
16268,0
16269,0
16270,1
16271,0
16272,0
16273,0
16274,1
16275,0
16276,1
16277,0
16278,0
16279,0
16280,0
16281,0
16282,0
16283,0
16284,0
16285,0
16286,1
16287,0
16288,1
16289,1
16290,0
16291,0
16292,0
16293,1
16294,0
16295,0
16296,0
16297,1
16298,0
16299,1
16300,0
16301,0
16302,1
16303,0
16304,0
16305,0
16306,0
16307,1
16308,1
16309,1
16310,0
16311,0
16312,0
16313,0
16314,0
16315,1
16316,1
16317,1
16318,0
16319,0
16320,0
16321,0
16322,0
16323,1
16324,1
16325,0
16326,1
16327,1
16328,1
16329,0
16330,1
16331,0
16332,0
16333,0
16334,0
16335,0
16336,0
16337,0
16338,0
16339,1
16340,0
16341,1
16342,1
16343,0
16344,0
16345,0
16346,1
16347,0
16348,0
16349,1
16350,0
16351,0
16352,0
16353,1
16354,1
16355,0
16356,1
16357,1
16358,0
16359,0
16360,0
16361,0
16362,0
16363,1
16364,0
16365,1
16366,0
16367,1
16368,0
16369,0
16370,1
16371,0
16372,1
16373,0
16374,0
16375,1
16376,1
16377,0
16378,0
16379,1
16380,0
16381,1
16382,0
16383,0
16384,0
16385,1
16386,0
16387,1
16388,0
16389,0
16390,1
16391,0
16392,0
16393,0
16394,1
16395,0
16396,0
16397,0
16398,0
16399,0
16400,0
16401,0
16402,0
16403,0
16404,0
16405,0
16406,1
16407,0
16408,1
16409,0
16410,0
16411,0
16412,1
16413,1
16414,0
16415,0
16416,1
16417,1
16418,1
16419,1
16420,0
16421,1
16422,0
16423,1
16424,0
16425,0
16426,0
16427,0
16428,1
16429,0
16430,1
16431,0
16432,0
16433,0
16434,0
16435,0
16436,0
16437,1
16438,0
16439,1
16440,1
16441,0
16442,0
16443,1
16444,1
16445,0
16446,0
16447,0
16448,1
16449,0
16450,1
16451,0
16452,0
16453,1
16454,0
16455,1
16456,0
16457,0
16458,1
16459,1
16460,0
16461,0
16462,0
16463,0
16464,1
16465,0
16466,0
16467,0
16468,0
16469,1
16470,0
16471,0
16472,1
16473,0
16474,1
16475,0
16476,1
16477,0
16478,0
16479,0
16480,0
16481,1
16482,0
16483,0
16484,1
16485,0
16486,0
16487,1
16488,1
16489,1
16490,0
16491,1
16492,0
16493,1
16494,0
16495,1
16496,1
16497,0
16498,0
16499,0
16500,0
16501,0
16502,0
16503,0
16504,1
16505,0
16506,1
16507,0
16508,1
16509,0
16510,1
16511,0
16512,1
16513,0
16514,0
16515,1
16516,0
16517,0
16518,0
16519,1
16520,0
16521,0
16522,1
16523,0
16524,0
16525,1
16526,0
16527,1
16528,0
16529,0
16530,0
16531,1
16532,0
16533,1
16534,1
16535,1
16536,0
16537,1
16538,0
16539,1
16540,0
16541,1
16542,1
16543,1
16544,1
16545,1
16546,0
16547,0
16548,0
16549,0
16550,0
16551,0
16552,0
16553,0
16554,0
16555,0
16556,1
16557,1
16558,0
16559,1
16560,0
16561,0
16562,1
16563,0
16564,0
16565,0
16566,0
16567,0
16568,0
16569,1
16570,1
16571,0
16572,1
16573,0
16574,1
16575,1
16576,0
16577,0
16578,0
16579,1
16580,0
16581,0
16582,1
16583,1
16584,1
16585,1
16586,0
16587,0
16588,0
16589,0
16590,1
16591,0
16592,0
16593,0
16594,1
16595,1
16596,1
16597,0
16598,0
16599,0
16600,0
16601,0
16602,0
16603,0
16604,1
16605,1
16606,0
16607,0
16608,0
16609,0
16610,0
16611,0
16612,0
16613,0
16614,0
16615,1
16616,0
16617,0
16618,0
16619,0
16620,0
16621,0
16622,1
16623,0
16624,0
16625,0
16626,0
16627,0
16628,0
16629,1
16630,1
16631,1
16632,1
16633,0
16634,1
16635,1
16636,0
16637,0
16638,0
16639,0
16640,0
16641,0
16642,0
16643,1
16644,0
16645,1
16646,0
16647,0
16648,0
16649,0
16650,1
16651,0
16652,1
16653,1
16654,1
16655,0
16656,0
16657,0
16658,0
16659,0
16660,0
16661,1
16662,0
16663,0
16664,1
16665,0
16666,0
16667,0
16668,0
16669,0
16670,0
16671,0
16672,0
16673,1
16674,0
16675,1
16676,0
16677,0
16678,1
16679,0
16680,0
16681,0
16682,0
16683,1
16684,1
16685,0
16686,1
16687,1
16688,0
16689,1
16690,1
16691,0
16692,1
16693,0
16694,0
16695,0
16696,0
16697,1
16698,0
16699,0
16700,0
16701,0
16702,0
16703,0
16704,0
16705,0
16706,0
16707,1
16708,1
16709,0
16710,0
16711,0
16712,1
16713,0
16714,0
16715,0
16716,1
16717,1
16718,1
16719,1
16720,0
16721,0
16722,0
16723,0
16724,0
16725,0
16726,0
16727,0
16728,0
16729,0
16730,0
16731,0
16732,0
16733,0
16734,0
16735,0
16736,1
16737,1
16738,0
16739,0
16740,1
16741,0
16742,0
16743,1
16744,0
16745,0
16746,0
16747,0
16748,1
16749,0
16750,1
16751,0
16752,1
16753,0
16754,0
16755,1
16756,0
16757,0
16758,0
16759,0
16760,0
16761,0
16762,0
16763,1
16764,0
16765,0
16766,0
16767,0
16768,1
16769,0
16770,0
16771,0
16772,1
16773,1
16774,0
16775,0
16776,0
16777,1
16778,1
16779,1
16780,0
16781,0
16782,0
16783,0
16784,1
16785,0
16786,0
16787,0
16788,1
16789,0
16790,0
16791,0
16792,0
16793,0
16794,1
16795,0
16796,0
16797,1
16798,0
16799,0
16800,0
16801,0
16802,0
16803,0
16804,1
16805,0
16806,0
16807,0
16808,1
16809,1
16810,1
16811,1
16812,1
16813,0
16814,0
16815,0
16816,1
16817,1
16818,1
16819,0
16820,0
16821,0
16822,0
16823,0
16824,0
16825,0
16826,1
16827,0
16828,1
16829,0
16830,0
16831,1
16832,1
16833,1
16834,0
16835,0
16836,0
16837,0
16838,1
16839,0
16840,1
16841,0
16842,0
16843,0
16844,1
16845,1
16846,1
16847,0
16848,0
16849,1
16850,0
16851,1
16852,0
16853,0
16854,1
16855,0
16856,1
16857,1
16858,0
16859,0
16860,0
16861,0
16862,0
16863,1
16864,1
16865,0
16866,0
16867,0
16868,0
16869,0
16870,0
16871,0
16872,0
16873,1
16874,0
16875,0
16876,0
16877,0
16878,0
16879,0
16880,1
16881,0
16882,1
16883,1
16884,1
16885,0
16886,0
16887,0
16888,0
16889,0
16890,0
16891,1
16892,1
16893,1
16894,0
16895,0
16896,0
16897,0
16898,0
16899,1
16900,1
16901,0
16902,1
16903,1
16904,0
16905,0
16906,1
16907,0
16908,0
16909,0
16910,0
16911,0
16912,0
16913,0
16914,0
16915,0
16916,0
16917,1
16918,1
16919,0
16920,0
16921,1
16922,0
16923,0
16924,0
16925,0
16926,1
16927,0
16928,1
16929,0
16930,0
16931,1
16932,0
16933,0
16934,1
16935,0
16936,0
16937,0
16938,0
16939,0
16940,0
16941,1
16942,0
16943,1
16944,0
16945,0
16946,1
16947,1
16948,0
16949,0
16950,0
16951,0
16952,1
16953,0
16954,0
16955,1
16956,1
16957,1
16958,1
16959,0
16960,0
16961,1
16962,1
16963,0
16964,0
16965,1
16966,0
16967,0
16968,1
16969,0
16970,0
16971,1
16972,1
16973,0
16974,1
16975,0
16976,1
16977,1
16978,0
16979,1
16980,0
16981,1
16982,1
16983,0
16984,0
16985,0
16986,0
16987,1
16988,0
16989,0
16990,0
16991,1
16992,0
16993,0
16994,1
16995,1
16996,1
16997,0
16998,1
16999,1
17000,1
17001,1
17002,0
17003,1
17004,1
17005,0
17006,0
17007,1
17008,1
17009,1
17010,1
17011,0
17012,0
17013,1
17014,0
17015,0
17016,0
17017,0
17018,0
17019,0
17020,0
17021,1
17022,0
17023,0
17024,1
17025,1
17026,0
17027,0
17028,0
17029,1
17030,0
17031,0
17032,0
17033,0
17034,0
17035,1
17036,1
17037,1
17038,0
17039,1
17040,1
17041,0
17042,0
17043,0
17044,0
17045,0
17046,0
17047,0
17048,0
17049,1
17050,1
17051,0
17052,1
17053,1
17054,0
17055,0
17056,1
17057,0
17058,0
17059,0
17060,0
17061,1
17062,1
17063,0
17064,0
17065,1
17066,0
17067,1
17068,0
17069,0
17070,0
17071,0
17072,0
17073,1
17074,1
17075,0
17076,0
17077,0
17078,1
17079,0
17080,1
17081,0
17082,1
17083,0
17084,0
17085,1
17086,0
17087,1
17088,1
17089,1
17090,0
17091,1
17092,1
17093,1
17094,0
17095,1
17096,0
17097,1
17098,0
17099,0
17100,0
17101,1
17102,1
17103,0
17104,1
17105,0
17106,0
17107,0
17108,1
17109,0
17110,1
17111,0
17112,1
17113,0
17114,0
17115,1
17116,0
17117,0
17118,1
17119,1
17120,0
17121,0
17122,0
17123,0
17124,0
17125,0
17126,0
17127,0
17128,0
17129,0
17130,0
17131,1
17132,0
17133,0
17134,0
17135,1
17136,0
17137,1
17138,0
17139,0
17140,0
17141,0
17142,0
17143,1
17144,0
17145,1
17146,0
17147,0
17148,1
17149,0
17150,0
17151,0
17152,0
17153,0
17154,0
17155,0
17156,0
17157,0
17158,1
17159,0
17160,1
17161,0
17162,0
17163,1
17164,0
17165,0
17166,1
17167,1
17168,1
17169,0
17170,0
17171,0
17172,0
17173,1
17174,0
17175,1
17176,0
17177,0
17178,1
17179,0
17180,0
17181,0
17182,1
17183,1
17184,1
17185,0
17186,0
17187,0
17188,1
17189,1
17190,0
17191,1
17192,1
17193,0
17194,0
17195,1
17196,0
17197,0
17198,1
17199,0
17200,1
17201,0
17202,0
17203,0
17204,0
17205,1
17206,1
17207,1
17208,0
17209,0
17210,0
17211,0
17212,0
17213,0
17214,0
17215,0
17216,0
17217,1
17218,0
17219,0
17220,1
17221,0
17222,1
17223,1
17224,0
17225,0
17226,0
17227,1
17228,1
17229,1
17230,1
17231,1
17232,0
17233,1
17234,0
17235,1
17236,0
17237,1
17238,1
17239,0
17240,1
17241,0
17242,1
17243,0
17244,0
17245,0
17246,0
17247,0
17248,0
17249,0
17250,1
17251,0
17252,1
17253,0
17254,0
17255,1
17256,1
17257,0
17258,0
17259,0
17260,0
17261,0
17262,0
17263,0
17264,1
17265,1
17266,0
17267,1
17268,0
17269,1
17270,0
17271,0
17272,0
17273,1
17274,0
17275,1
17276,0
17277,1
17278,0
17279,1
17280,0
17281,0
17282,0
17283,0
17284,0
17285,1
17286,1
17287,0
17288,1
17289,1
17290,0
17291,0
17292,0
17293,1
17294,1
17295,0
17296,0
17297,0
17298,0
17299,1
17300,1
17301,0
17302,1
17303,0
17304,0
17305,1
17306,1
17307,0
17308,0
17309,0
17310,0
17311,1
17312,0
17313,0
17314,0
17315,1
17316,1
17317,1
17318,1
17319,0
17320,0
17321,1
17322,1
17323,1
17324,0
17325,0
17326,1
17327,1
17328,1
17329,0
17330,0
17331,1
17332,1
17333,0
17334,1
17335,1
17336,1
17337,0
17338,0
17339,1
17340,1
17341,1
17342,1
17343,0
17344,1
17345,1
17346,1
17347,0
17348,0
17349,0
17350,1
17351,1
17352,0
17353,0
17354,1
17355,0
17356,0
17357,0
17358,0
17359,0
17360,1
17361,0
17362,0
17363,0
17364,0
17365,0
17366,0
17367,0
17368,0
17369,1
17370,1
17371,1
17372,0
17373,1
17374,1
17375,1
17376,1
17377,1
17378,1
17379,1
17380,0
17381,1
17382,0
17383,1
17384,1
17385,1
17386,0
17387,1
17388,0
17389,1
17390,0
17391,0
17392,1
17393,1
17394,0
17395,0
17396,0
17397,0
17398,0
17399,1
17400,0
17401,0
17402,1
17403,1
17404,1
17405,0
17406,0
17407,0
17408,0
17409,1
17410,1
17411,0
17412,0
17413,0
17414,0
17415,1
17416,0
17417,0
17418,0
17419,0
17420,1
17421,0
17422,0
17423,0
17424,1
17425,0
17426,0
17427,1
17428,0
17429,1
17430,0
17431,0
17432,0
17433,1
17434,0
17435,1
17436,0
17437,0
17438,1
17439,0
17440,0
17441,0
17442,0
17443,0
17444,0
17445,0
17446,0
17447,0
17448,0
17449,0
17450,0
17451,0
17452,1
17453,0
17454,0
17455,0
17456,0
17457,1
17458,0
17459,0
17460,0
17461,0
17462,1
17463,0
17464,0
17465,0
17466,1
17467,0
17468,0
17469,0
17470,0
17471,1
17472,1
17473,0
17474,0
17475,1
17476,0
17477,0
17478,0
17479,0
17480,0
17481,0
17482,0
17483,0
17484,0
17485,1
17486,1
17487,1
17488,0
17489,0
17490,0
17491,0
17492,0
17493,0
17494,0
17495,0
17496,0
17497,0
17498,0
17499,0
17500,1
17501,0
17502,0
17503,0
17504,1
17505,0
17506,1
17507,0
17508,0
17509,0
17510,1
17511,1
17512,0
17513,1
17514,0
17515,1
17516,0
17517,0
17518,1
17519,1
17520,1
17521,0
17522,0
17523,0
17524,0
17525,0
17526,0
17527,0
17528,1
17529,1
17530,0
17531,0
17532,1
17533,0
17534,0
17535,1
17536,0
17537,0
17538,1
17539,0
17540,0
17541,0
17542,0
17543,1
17544,0
17545,0
17546,0
17547,0
17548,0
17549,1
17550,0
17551,1
17552,0
17553,0
17554,1
17555,1
17556,1
17557,0
17558,0
17559,0
17560,0
17561,0
17562,0
17563,0
17564,1
17565,0
17566,1
17567,1
17568,0
17569,1
17570,1
17571,1
17572,1
17573,1
17574,0
17575,0
17576,0
17577,1
17578,0
17579,0
17580,0
17581,0
17582,0
17583,1
17584,0
17585,0
17586,1
17587,1
17588,0
17589,1
17590,1
17591,0
17592,0
17593,0
17594,0
17595,0
17596,1
17597,0
17598,0
17599,1
17600,1
17601,0
17602,0
17603,0
17604,0
17605,0
17606,0
17607,1
17608,1
17609,1
17610,0
17611,0
17612,0
17613,1
17614,1
17615,0
17616,1
17617,0
17618,0
17619,0
17620,1
17621,0
17622,0
17623,1
17624,0
17625,1
17626,0
17627,0
17628,1
17629,0
17630,0
17631,0
17632,0
17633,0
17634,0
17635,0
17636,1
17637,0
17638,0
17639,0
17640,1
17641,1
17642,0
17643,1
17644,0
17645,1
17646,1
17647,0
17648,1
17649,1
17650,0
17651,0
17652,1
17653,1
17654,0
17655,1
17656,0
17657,0
17658,1
17659,0
17660,0
17661,0
17662,0
17663,0
17664,0
17665,0
17666,0
17667,0
17668,0
17669,0
17670,0
17671,0
17672,0
17673,1
17674,1
17675,0
17676,0
17677,1
17678,0
17679,0
17680,1
17681,0
17682,1
17683,0
17684,0
17685,1
17686,0
17687,0
17688,0
17689,0
17690,0
17691,0
17692,1
17693,0
17694,1
17695,1
17696,0
17697,1
17698,1
17699,0
17700,0
17701,0
17702,0
17703,0
17704,0
17705,0
17706,1
17707,0
17708,1
17709,1
17710,0
17711,0
17712,0
17713,1
17714,1
17715,0
17716,1
17717,1
17718,1
17719,0
17720,0
17721,1
17722,1
17723,0
17724,1
17725,1
17726,0
17727,0
17728,1
17729,0
17730,1
17731,1
17732,0
17733,1
17734,1
17735,1
17736,0
17737,0
17738,1
17739,0
17740,1
17741,0
17742,0
17743,0
17744,0
17745,0
17746,0
17747,0
17748,0
17749,0
17750,0
17751,0
17752,1
17753,0
17754,0
17755,1
17756,0
17757,0
17758,0
17759,1
17760,1
17761,0
17762,1
17763,0
17764,1
17765,0
17766,0
17767,1
17768,0
17769,0
17770,0
17771,0
17772,0
17773,0
17774,0
17775,0
17776,0
17777,0
17778,0
17779,1
17780,1
17781,0
17782,0
17783,1
17784,1
17785,0
17786,0
17787,0
17788,1
17789,1
17790,1
17791,1
17792,1
17793,0
17794,0
17795,0
17796,1
17797,1
17798,0
17799,1
17800,1
17801,0
17802,0
17803,0
17804,1
17805,1
17806,0
17807,0
17808,0
17809,0
17810,1
17811,0
17812,0
17813,1
17814,0
17815,0
17816,0
17817,0
17818,0
17819,0
17820,0
17821,0
17822,1
17823,0
17824,1
17825,1
17826,0
17827,0
17828,0
17829,0
17830,1
17831,0
17832,0
17833,0
17834,0
17835,0
17836,1
17837,0
17838,1
17839,0
17840,1
17841,0
17842,1
17843,0
17844,1
17845,0
17846,1
17847,1
17848,0
17849,1
17850,0
17851,0
17852,1
17853,0
17854,0
17855,0
17856,0
17857,0
17858,0
17859,0
17860,0
17861,0
17862,0
17863,0
17864,0
17865,0
17866,0
17867,0
17868,0
17869,1
17870,0
17871,0
17872,1
17873,1
17874,1
17875,0
17876,0
17877,0
17878,1
17879,1
17880,0
17881,0
17882,0
17883,1
17884,1
17885,1
17886,1
17887,0
17888,0
17889,1
17890,1
17891,0
17892,0
17893,0
17894,1
17895,0
17896,1
17897,1
17898,0
17899,0
17900,0
17901,1
17902,1
17903,1
17904,0
17905,0
17906,0
17907,0
17908,0
17909,1
17910,0
17911,0
17912,0
17913,1
17914,0
17915,0
17916,1
17917,0
17918,0
17919,0
17920,0
17921,0
17922,1
17923,1
17924,0
17925,0
17926,1
17927,0
17928,1
17929,0
17930,1
17931,1
17932,1
17933,1
17934,0
17935,0
17936,1
17937,0
17938,1
17939,1
17940,0
17941,1
17942,0
17943,1
17944,0
17945,1
17946,0
17947,0
17948,0
17949,0
17950,0
17951,1
17952,0
17953,1
17954,0
17955,0
17956,1
17957,0
17958,1
17959,0
17960,1
17961,0
17962,1
17963,0
17964,1
17965,1
17966,0
17967,1
17968,0
17969,0
17970,0
17971,0
17972,0
17973,0
17974,0
17975,1
17976,0
17977,1
17978,0
17979,1
17980,0
17981,1
17982,0
17983,0
17984,0
17985,0
17986,0
17987,0
17988,0
17989,0
17990,0
17991,0
17992,1
17993,0
17994,0
17995,0
17996,0
17997,1
17998,1
17999,0
18000,0
18001,1
18002,0
18003,1
18004,0
18005,0
18006,0
18007,0
18008,1
18009,0
18010,1
18011,0
18012,0
18013,0
18014,1
18015,1
18016,0
18017,0
18018,0
18019,0
18020,0
18021,1
18022,0
18023,0
18024,0
18025,0
18026,0
18027,0
18028,0
18029,0
18030,0
18031,0
18032,1
18033,0
18034,0
18035,1
18036,0
18037,1
18038,0
18039,1
18040,0
18041,1
18042,0
18043,0
18044,1
18045,0
18046,1
18047,0
18048,1
18049,0
18050,0
18051,0
18052,1
18053,1
18054,0
18055,0
18056,0
18057,1
18058,1
18059,0
18060,0
18061,0
18062,0
18063,1
18064,1
18065,0
18066,1
18067,0
18068,0
18069,1
18070,0
18071,1
18072,1
18073,0
18074,0
18075,0
18076,0
18077,0
18078,0
18079,1
18080,1
18081,0
18082,0
18083,0
18084,1
18085,0
18086,0
18087,0
18088,0
18089,0
18090,0
18091,1
18092,0
18093,1
18094,0
18095,0
18096,0
18097,0
18098,0
18099,0
18100,0
18101,1
18102,0
18103,0
18104,1
18105,1
18106,1
18107,0
18108,1
18109,0
18110,0
18111,1
18112,0
18113,0
18114,1
18115,0
18116,0
18117,0
18118,0
18119,1
18120,0
18121,0
18122,0
18123,0
18124,0
18125,1
18126,1
18127,0
18128,1
18129,0
18130,0
18131,1
18132,0
18133,0
18134,1
18135,0
18136,1
18137,0
18138,0
18139,1
18140,0
18141,0
18142,1
18143,0
18144,0
18145,0
18146,0
18147,0
18148,0
18149,1
18150,0
18151,0
18152,0
18153,0
18154,0
18155,0
18156,1
18157,0
18158,1
18159,1
18160,1
18161,0
18162,1
18163,0
18164,0
18165,1
18166,0
18167,1
18168,1
18169,0
18170,0
18171,0
18172,0
18173,0
18174,0
18175,0
18176,0
18177,0
18178,0
18179,0
18180,0
18181,1
18182,1
18183,0
18184,1
18185,0
18186,0
18187,1
18188,0
18189,1
18190,1
18191,0
18192,0
18193,0
18194,0
18195,0
18196,1
18197,0
18198,0
18199,1
18200,0
18201,0
18202,0
18203,0
18204,1
18205,0
18206,1
18207,0
18208,0
18209,0
18210,1
18211,0
18212,1
18213,0
18214,0
18215,1
18216,0
18217,0
18218,0
18219,0
18220,0
18221,0
18222,0
18223,0
18224,1
18225,0
18226,0
18227,0
18228,0
18229,0
18230,1
18231,0
18232,0
18233,0
18234,0
18235,1
18236,0
18237,1
18238,0
18239,0
18240,0
18241,0
18242,0
18243,0
18244,0
18245,0
18246,0
18247,1
18248,1
18249,1
18250,0
18251,1
18252,0
18253,0
18254,0
18255,0
18256,0
18257,0
18258,1
18259,0
18260,1
18261,0
18262,0
18263,1
18264,0
18265,0
18266,1
18267,1
18268,1
18269,0
18270,0
18271,0
18272,1
18273,0
18274,1
18275,0
18276,0
18277,0
18278,1
18279,0
18280,0
18281,0
18282,0
18283,1
18284,0
18285,1
18286,1
18287,0
18288,0
18289,0
18290,0
18291,1
18292,0
18293,1
18294,0
18295,0
18296,0
18297,0
18298,0
18299,0
18300,0
18301,0
18302,1
18303,0
18304,0
18305,1
18306,0
18307,1
18308,1
18309,0
18310,0
18311,1
18312,0
18313,1
18314,1
18315,0
18316,0
18317,1
18318,0
18319,1
18320,0
18321,1
18322,1
18323,0
18324,0
18325,0
18326,0
18327,0
18328,0
18329,0
18330,1
18331,0
18332,0
18333,1
18334,0
18335,0
18336,0
18337,0
18338,1
18339,0
18340,1
18341,1
18342,0
18343,0
18344,0
18345,0
18346,1
18347,0
18348,1
18349,0
18350,0
18351,0
18352,0
18353,0
18354,0
18355,1
18356,0
18357,0
18358,1
18359,0
18360,0
18361,1
18362,1
18363,0
18364,0
18365,0
18366,0
18367,0
18368,0
18369,0
18370,1
18371,0
18372,0
18373,1
18374,1
18375,0
18376,1
18377,0
18378,1
18379,1
18380,0
18381,1
18382,1
18383,1
18384,0
18385,1
18386,0
18387,0
18388,0
18389,1
18390,1
18391,1
18392,0
18393,1
18394,1
18395,0
18396,0
18397,1
18398,0
18399,0
18400,0
18401,0
18402,1
18403,1
18404,1
18405,1
18406,0
18407,1
18408,1
18409,0
18410,1
18411,0
18412,1
18413,0
18414,0
18415,0
18416,1
18417,0
18418,0
18419,1
18420,0
18421,0
18422,0
18423,0
18424,0
18425,1
18426,1
18427,0
18428,1
18429,0
18430,0
18431,0
18432,0
18433,0
18434,1
18435,0
18436,0
18437,0
18438,0
18439,1
18440,0
18441,1
18442,0
18443,0
18444,0
18445,1
18446,0
18447,0
18448,0
18449,0
18450,1
18451,0
18452,0
18453,1
18454,1
18455,0
18456,1
18457,0
18458,0
18459,0
18460,0
18461,0
18462,1
18463,0
18464,0
18465,0
18466,1
18467,0
18468,0
18469,0
18470,0
18471,0
18472,0
18473,0
18474,0
18475,1
18476,0
18477,0
18478,0
18479,0
18480,1
18481,0
18482,1
18483,0
18484,0
18485,1
18486,0
18487,0
18488,0
18489,0
18490,1
18491,0
18492,1
18493,1
18494,0
18495,0
18496,1
18497,0
18498,0
18499,0
18500,0
18501,0
18502,1
18503,0
18504,0
18505,1
18506,0
18507,1
18508,0
18509,1
18510,0
18511,0
18512,0
18513,1
18514,1
18515,0
18516,0
18517,1
18518,0
18519,0
18520,1
18521,0
18522,1
18523,0
18524,1
18525,0
18526,0
18527,0
18528,0
18529,0
18530,1
18531,0
18532,0
18533,0
18534,0
18535,1
18536,0
18537,0
18538,1
18539,0
18540,0
18541,1
18542,0
18543,0
18544,1
18545,0
18546,0
18547,0
18548,1
18549,1
18550,1
18551,0
18552,0
18553,0
18554,1
18555,0
18556,0
18557,0
18558,0
18559,0
18560,1
18561,1
18562,0
18563,0
18564,1
18565,0
18566,0
18567,0
18568,1
18569,0
18570,0
18571,0
18572,0
18573,1
18574,0
18575,0
18576,0
18577,0
18578,1
18579,0
18580,0
18581,0
18582,1
18583,0
18584,0
18585,0
18586,0
18587,0
18588,0
18589,1
18590,0
18591,0
18592,0
18593,0
18594,0
18595,1
18596,0
18597,1
18598,0
18599,1
18600,0
18601,0
18602,0
18603,1
18604,1
18605,0
18606,0
18607,1
18608,0
18609,0
18610,0
18611,1
18612,0
18613,0
18614,0
18615,0
18616,1
18617,1
18618,1
18619,0
18620,0
18621,0
18622,1
18623,1
18624,0
18625,0
18626,1
18627,0
18628,0
18629,0
18630,0
18631,1
18632,1
18633,1
18634,1
18635,1
18636,0
18637,0
18638,0
18639,0
18640,0
18641,0
18642,0
18643,0
18644,0
18645,0
18646,0
18647,0
18648,0
18649,1
18650,1
18651,0
18652,0
18653,0
18654,0
18655,0
18656,0
18657,1
18658,1
18659,1
18660,1
18661,1
18662,1
18663,0
18664,0
18665,1
18666,1
18667,0
18668,0
18669,1
18670,0
18671,0
18672,0
18673,1
18674,0
18675,0
18676,0
18677,1
18678,0
18679,1
18680,0
18681,0
18682,1
18683,0
18684,0
18685,0
18686,0
18687,0
18688,0
18689,0
18690,0
18691,1
18692,0
18693,1
18694,0
18695,0
18696,0
18697,0
18698,1
18699,1
18700,0
18701,0
18702,0
18703,1
18704,1
18705,0
18706,1
18707,0
18708,1
18709,0
18710,0
18711,0
18712,0
18713,0
18714,0
18715,0
18716,0
18717,0
18718,0
18719,1
18720,0
18721,0
18722,0
18723,1
18724,0
18725,1
18726,1
18727,0
18728,0
18729,0
18730,1
18731,1
18732,1
18733,0
18734,1
18735,1
18736,0
18737,1
18738,1
18739,0
18740,0
18741,1
18742,0
18743,0
18744,1
18745,0
18746,1
18747,0
18748,0
18749,1
18750,0
18751,0
18752,0
18753,0
18754,1
18755,0
18756,0
18757,0
18758,0
18759,1
18760,1
18761,0
18762,0
18763,0
18764,1
18765,1
18766,0
18767,1
18768,0
18769,0
18770,0
18771,1
18772,0
18773,1
18774,0
18775,1
18776,1
18777,1
18778,1
18779,1
18780,1
18781,1
18782,0
18783,0
18784,0
18785,0
18786,0
18787,0
18788,1
18789,0
18790,1
18791,1
18792,0
18793,0
18794,1
18795,0
18796,0
18797,1
18798,1
18799,1
18800,0
18801,0
18802,0
18803,0
18804,0
18805,1
18806,0
18807,0
18808,0
18809,0
18810,0
18811,1
18812,1
18813,0
18814,1
18815,0
18816,0
18817,1
18818,0
18819,1
18820,1
18821,1
18822,0
18823,1
18824,0
18825,0
18826,1
18827,0
18828,0
18829,0
18830,0
18831,0
18832,1
18833,1
18834,1
18835,1
18836,0
18837,0
18838,0
18839,0
18840,1
18841,1
18842,0
18843,1
18844,0
18845,0
18846,0
18847,1
18848,1
18849,1
18850,1
18851,1
18852,0
18853,1
18854,0
18855,0
18856,0
18857,0
18858,0
18859,0
18860,0
18861,0
18862,1
18863,0
18864,1
18865,0
18866,1
18867,1
18868,1
18869,0
18870,0
18871,0
18872,0
18873,1
18874,0
18875,1
18876,0
18877,1
18878,0
18879,0
18880,0
18881,0
18882,0
18883,0
18884,0
18885,0
18886,0
18887,0
18888,0
18889,0
18890,0
18891,1
18892,0
18893,0
18894,0
18895,0
18896,0
18897,0
18898,0
18899,0
18900,1
18901,0
18902,1
18903,1
18904,1
18905,1
18906,0
18907,1
18908,0
18909,0
18910,1
18911,1
18912,0
18913,0
18914,0
18915,1
18916,0
18917,1
18918,0
18919,0
18920,0
18921,0
18922,1
18923,0
18924,0
18925,1
18926,0
18927,0
18928,1
18929,0
18930,1
18931,0
18932,0
18933,0
18934,1
18935,1
18936,0
18937,1
18938,0
18939,0
18940,0
18941,0
18942,1
18943,1
18944,0
18945,0
18946,0
18947,0
18948,0
18949,0
18950,0
18951,1
18952,1
18953,0
18954,1
18955,0
18956,0
18957,1
18958,0
18959,0
18960,0
18961,0
18962,1
18963,0
18964,1
18965,0
18966,0
18967,0
18968,1
18969,1
18970,1
18971,0
18972,0
18973,0
18974,0
18975,0
18976,0
18977,0
18978,1
18979,1
18980,0
18981,0
18982,0
18983,0
18984,0
18985,0
18986,1
18987,0
18988,1
18989,1
18990,0
18991,1
18992,0
18993,0
18994,0
18995,0
18996,1
18997,0
18998,0
18999,0
19000,1
19001,0
19002,0
19003,1
19004,0
19005,0
19006,1
19007,0
19008,1
19009,1
19010,1
19011,1
19012,0
19013,0
19014,1
19015,0
19016,0
19017,0
19018,0
19019,0
19020,0
19021,0
19022,0
19023,1
19024,0
19025,0
19026,0
19027,0
19028,0
19029,0
19030,1
19031,0
19032,1
19033,0
19034,0
19035,0
19036,0
19037,1
19038,0
19039,0
19040,0
19041,0
19042,0
19043,0
19044,0
19045,1
19046,1
19047,1
19048,0
19049,0
19050,1
19051,0
19052,1
19053,1
19054,0
19055,0
19056,0
19057,0
19058,0
19059,0
19060,0
19061,1
19062,0
19063,1
19064,0
19065,0
19066,0
19067,0
19068,0
19069,0
19070,0
19071,0
19072,0
19073,1
19074,0
19075,1
19076,0
19077,0
19078,1
19079,0
19080,0
19081,0
19082,1
19083,0
19084,0
19085,1
19086,1
19087,0
19088,0
19089,0
19090,0
19091,0
19092,0
19093,1
19094,1
19095,1
19096,0
19097,1
19098,1
19099,1
19100,0
19101,0
19102,1
19103,1
19104,1
19105,1
19106,0
19107,1
19108,0
19109,0
19110,0
19111,0
19112,0
19113,1
19114,0
19115,0
19116,1
19117,1
19118,1
19119,0
19120,0
19121,0
19122,1
19123,0
19124,0
19125,1
19126,1
19127,0
19128,0
19129,0
19130,1
19131,1
19132,0
19133,1
19134,1
19135,1
19136,0
19137,1
19138,0
19139,1
19140,1
19141,0
19142,0
19143,0
19144,0
19145,0
19146,1
19147,0
19148,0
19149,0
19150,1
19151,0
19152,0
19153,0
19154,0
19155,0
19156,0
19157,0
19158,0
19159,0
19160,0
19161,1
19162,0
19163,0
19164,0
19165,0
19166,0
19167,0
19168,0
19169,0
19170,1
19171,0
19172,0
19173,1
19174,0
19175,0
19176,0
19177,1
19178,1
19179,0
19180,0
19181,1
19182,0
19183,1
19184,0
19185,0
19186,0
19187,0
19188,0
19189,0
19190,0
19191,0
19192,0
19193,1
19194,0
19195,0
19196,0
19197,0
19198,0
19199,0
19200,0
19201,0
19202,0
19203,1
19204,1
19205,1
19206,1
19207,0
19208,1
19209,0
19210,0
19211,1
19212,1
19213,0
19214,1
19215,1
19216,0
19217,0
19218,0
19219,0
19220,0
19221,0
19222,1
19223,0
19224,0
19225,0
19226,0
19227,0
19228,0
19229,0
19230,0
19231,0
19232,0
19233,0
19234,0
19235,0
19236,1
19237,1
19238,0
19239,0
19240,1
19241,0
19242,1
19243,0
19244,0
19245,0
19246,1
19247,0
19248,0
19249,1
19250,1
19251,0
19252,0
19253,1
19254,0
19255,0
19256,1
19257,1
19258,0
19259,0
19260,0
19261,0
19262,0
19263,0
19264,1
19265,0
19266,0
19267,1
19268,0
19269,1
19270,1
19271,0
19272,1
19273,1
19274,1
19275,0
19276,0
19277,1
19278,1
19279,0
19280,0
19281,0
19282,0
19283,1
19284,0
19285,1
19286,0
19287,1
19288,1
19289,0
19290,0
19291,1
19292,0
19293,1
19294,0
19295,0
19296,1
19297,0
19298,0
19299,0
19300,0
19301,0
19302,1
19303,1
19304,0
19305,0
19306,0
19307,0
19308,0
19309,0
19310,0
19311,0
19312,1
19313,1
19314,0
19315,0
19316,0
19317,0
19318,0
19319,0
19320,0
19321,0
19322,0
19323,1
19324,1
19325,0
19326,0
19327,0
19328,0
19329,0
19330,0
19331,0
19332,0
19333,0
19334,0
19335,0
19336,0
19337,1
19338,0
19339,1
19340,0
19341,0
19342,0
19343,0
19344,1
19345,1
19346,1
19347,1
19348,0
19349,0
19350,0
19351,0
19352,0
19353,1
19354,0
19355,0
19356,0
19357,0
19358,1
19359,0
19360,0
19361,0
19362,0
19363,0
19364,1
19365,1
19366,0
19367,0
19368,0
19369,0
19370,0
19371,0
19372,0
19373,0
19374,0
19375,1
19376,0
19377,0
19378,0
19379,1
19380,0
19381,0
19382,0
19383,0
19384,1
19385,1
19386,0
19387,0
19388,0
19389,0
19390,0
19391,0
19392,0
19393,0
19394,0
19395,1
19396,0
19397,0
19398,0
19399,0
19400,0
19401,0
19402,0
19403,0
19404,1
19405,0
19406,1
19407,0
19408,0
19409,0
19410,0
19411,0
19412,0
19413,0
19414,0
19415,0
19416,0
19417,0
19418,1
19419,1
19420,0
19421,0
19422,0
19423,0
19424,1
19425,0
19426,0
19427,1
19428,0
19429,0
19430,1
19431,1
19432,1
19433,0
19434,0
19435,1
19436,0
19437,0
19438,1
19439,0
19440,1
19441,1
19442,1
19443,0
19444,0
19445,0
19446,0
19447,0
19448,0
19449,0
19450,1
19451,1
19452,0
19453,1
19454,1
19455,1
19456,1
19457,0
19458,1
19459,0
19460,0
19461,0
19462,0
19463,1
19464,0
19465,0
19466,1
19467,0
19468,0
19469,1
19470,0
19471,0
19472,0
19473,0
19474,0
19475,0
19476,0
19477,1
19478,0
19479,0
19480,0
19481,1
19482,0
19483,0
19484,0
19485,0
19486,1
19487,0
19488,0
19489,1
19490,1
19491,1
19492,0
19493,1
19494,1
19495,1
19496,0
19497,0
19498,0
19499,0
19500,0
19501,1
19502,0
19503,0
19504,1
19505,0
19506,1
19507,1
19508,0
19509,0
19510,0
19511,0
19512,0
19513,0
19514,0
19515,0
19516,0
19517,0
19518,1
19519,0
19520,0
19521,0
19522,0
19523,1
19524,0
19525,1
19526,0
19527,0
19528,0
19529,1
19530,0
19531,0
19532,1
19533,0
19534,0
19535,0
19536,1
19537,0
19538,0
19539,1
19540,0
19541,1
19542,0
19543,0
19544,0
19545,0
19546,1
19547,0
19548,1
19549,1
19550,0
19551,0
19552,0
19553,0
19554,0
19555,0
19556,0
19557,1
19558,0
19559,0
19560,0
19561,0
19562,0
19563,0
19564,0
19565,0
19566,1
19567,0
19568,1
19569,0
19570,1
19571,0
19572,1
19573,0
19574,1
19575,0
19576,0
19577,1
19578,0
19579,0
19580,0
19581,0
19582,1
19583,1
19584,1
19585,1
19586,0
19587,0
19588,0
19589,0
19590,0
19591,0
19592,0
19593,0
19594,1
19595,1
19596,0
19597,0
19598,0
19599,1
19600,0
19601,1
19602,0
19603,0
19604,0
19605,0
19606,0
19607,0
19608,0
19609,1
19610,0
19611,1
19612,1
19613,0
19614,0
19615,1
19616,0
19617,0
19618,1
19619,0
19620,1
19621,0
19622,0
19623,1
19624,0
19625,0
19626,1
19627,0
19628,1
19629,1
19630,0
19631,0
19632,0
19633,1
19634,1
19635,0
19636,0
19637,1
19638,0
19639,1
19640,1
19641,0
19642,1
19643,0
19644,1
19645,0
19646,0
19647,1
19648,1
19649,0
19650,0
19651,0
19652,0
19653,0
19654,0
19655,0
19656,0
19657,1
19658,0
19659,1
19660,0
19661,0
19662,0
19663,0
19664,0
19665,0
19666,0
19667,0
19668,0
19669,0
19670,1
19671,0
19672,0
19673,0
19674,0
19675,0
19676,0
19677,0
19678,0
19679,0
19680,0
19681,0
19682,1
19683,0
19684,0
19685,0
19686,0
19687,0
19688,1
19689,1
19690,1
19691,0
19692,1
19693,1
19694,0
19695,1
19696,0
19697,0
19698,1
19699,0
19700,1
19701,0
19702,1
19703,0
19704,0
19705,0
19706,1
19707,1
19708,1
19709,0
19710,0
19711,1
19712,0
19713,0
19714,0
19715,1
19716,0
19717,1
19718,1
19719,1
19720,0
19721,0
19722,0
19723,0
19724,1
19725,0
19726,0
19727,1
19728,1
19729,1
19730,1
19731,0
19732,0
19733,1
19734,0
19735,0
19736,0
19737,1
19738,0
19739,0
19740,0
19741,0
19742,1
19743,1
19744,0
19745,0
19746,0
19747,0
19748,0
19749,0
19750,0
19751,0
19752,0
19753,1
19754,1
19755,0
19756,1
19757,0
19758,0
19759,0
19760,0
19761,1
19762,0
19763,0
19764,0
19765,1
19766,0
19767,0
19768,0
19769,0
19770,1
19771,0
19772,0
19773,1
19774,0
19775,0
19776,0
19777,0
19778,1
19779,1
19780,1
19781,0
19782,1
19783,0
19784,0
19785,0
19786,0
19787,0
19788,0
19789,0
19790,0
19791,0
19792,1
19793,1
19794,0
19795,0
19796,0
19797,0
19798,0
19799,0
19800,0
19801,0
19802,0
19803,1
19804,1
19805,1
19806,0
19807,0
19808,1
19809,1
19810,0
19811,0
19812,0
19813,0
19814,0
19815,0
19816,1
19817,1
19818,0
19819,0
19820,1
19821,0
19822,0
19823,1
19824,1
19825,0
19826,0
19827,0
19828,0
19829,0
19830,1
19831,0
19832,1
19833,0
19834,0
19835,1
19836,0
19837,0
19838,0
19839,0
19840,0
19841,0
19842,1
19843,0
19844,0
19845,0
19846,0
19847,0
19848,0
19849,1
19850,0
19851,0
19852,1
19853,0
19854,0
19855,0
19856,0
19857,0
19858,1
19859,1
19860,0
19861,0
19862,0
19863,0
19864,0
19865,1
19866,0
19867,0
19868,1
19869,0
19870,0
19871,0
19872,1
19873,0
19874,0
19875,1
19876,0
19877,0
19878,1
19879,1
19880,0
19881,0
19882,0
19883,0
19884,1
19885,0
19886,0
19887,0
19888,0
19889,1
19890,0
19891,1
19892,1
19893,0
19894,0
19895,1
19896,0
19897,0
19898,0
19899,0
19900,1
19901,0
19902,1
19903,1
19904,0
19905,0
19906,0
19907,0
19908,0
19909,0
19910,0
19911,1
19912,0
19913,1
19914,0
19915,1
19916,0
19917,0
19918,0
19919,0
19920,1
19921,0
19922,0
19923,0
19924,0
19925,0
19926,0
19927,0
19928,0
19929,0
19930,0
19931,0
19932,0
19933,1
19934,1
19935,1
19936,0
19937,0
19938,1
19939,0
19940,0
19941,1
19942,1
19943,0
19944,0
19945,1
19946,0
19947,1
19948,0
19949,0
19950,0
19951,0
19952,0
19953,0
19954,0
19955,1
19956,0
19957,0
19958,0
19959,0
19960,0
19961,0
19962,0
19963,0
19964,1
19965,0
19966,0
19967,1
19968,1
19969,1
19970,1
19971,0
19972,0
19973,1
19974,0
19975,0
19976,0
19977,1
19978,1
19979,0
19980,0
19981,0
19982,0
19983,0
19984,1
19985,1
19986,1
19987,1
19988,1
19989,0
19990,0
19991,0
19992,0
19993,0
19994,0
19995,0
19996,1
19997,0
19998,1
19999,0
20000,0
20001,0
20002,1
20003,0
20004,0
20005,0
20006,0
20007,1
20008,0
20009,0
20010,0
20011,1
20012,1
20013,1
20014,0
20015,0
20016,0
20017,0
20018,1
20019,1
20020,1
20021,0
20022,0
20023,0
20024,0
20025,1
20026,0
20027,0
20028,0
20029,0
20030,0
20031,0
20032,1
20033,0
20034,1
20035,0
20036,1
20037,0
20038,0
20039,0
20040,0
20041,0
20042,1
20043,0
20044,1
20045,1
20046,0
20047,0
20048,0
20049,1
20050,0
20051,0
20052,0
20053,1
20054,1
20055,0
20056,0
20057,0
20058,0
20059,1
20060,0
20061,0
20062,1
20063,1
20064,0
20065,1
20066,0
20067,1
20068,0
20069,1
20070,0
20071,0
20072,0
20073,0
20074,0
20075,0
20076,0
20077,0
20078,1
20079,0
20080,1
20081,1
20082,0
20083,1
20084,0
20085,0
20086,0
20087,0
20088,0
20089,1
20090,0
20091,0
20092,0
20093,0
20094,1
20095,1
20096,0
20097,1
20098,0
20099,1
20100,1
20101,0
20102,1
20103,1
20104,0
20105,0
20106,1
20107,0
20108,1
20109,0
20110,0
20111,1
20112,1
20113,0
20114,0
20115,1
20116,0
20117,0
20118,0
20119,1
20120,1
20121,0
20122,0
20123,0
20124,1
20125,0
20126,0
20127,0
20128,0
20129,1
20130,1
20131,0
20132,0
20133,1
20134,1
20135,0
20136,0
20137,0
20138,1
20139,1
20140,1
20141,0
20142,0
20143,0
20144,1
20145,0
20146,1
20147,0
20148,1
20149,0
20150,1
20151,0
20152,0
20153,0
20154,0
20155,0
20156,0
20157,1
20158,0
20159,0
20160,1
20161,0
20162,1
20163,0
20164,1
20165,1
20166,0
20167,1
20168,1
20169,1
20170,0
20171,0
20172,0
20173,1
20174,0
20175,0
20176,0
20177,1
20178,1
20179,0
20180,0
20181,0
20182,1
20183,0
20184,1
20185,1
20186,0
20187,0
20188,1
20189,1
20190,0
20191,0
20192,1
20193,1
20194,1
20195,1
20196,0
20197,0
20198,0
20199,0
20200,0
20201,1
20202,1
20203,0
20204,1
20205,1
20206,1
20207,0
20208,0
20209,0
20210,1
20211,0
20212,0
20213,1
20214,0
20215,0
20216,1
20217,0
20218,0
20219,0
20220,1
20221,1
20222,0
20223,0
20224,0
20225,0
20226,0
20227,1
20228,0
20229,0
20230,0
20231,0
20232,0
20233,1
20234,1
20235,0
20236,0
20237,0
20238,1
20239,1
20240,0
20241,1
20242,0
20243,1
20244,0
20245,0
20246,1
20247,0
20248,0
20249,0
20250,1
20251,1
20252,1
20253,0
20254,0
20255,1
20256,1
20257,1
20258,0
20259,0
20260,0
20261,0
20262,1
20263,0
20264,1
20265,0
20266,0
20267,0
20268,0
20269,1
20270,1
20271,0
20272,1
20273,1
20274,0
20275,0
20276,0
20277,0
20278,0
20279,0
20280,0
20281,0
20282,0
20283,1
20284,0
20285,0
20286,1
20287,0
20288,1
20289,0
20290,0
20291,1
20292,1
20293,1
20294,0
20295,0
20296,0
20297,1
20298,0
20299,1
20300,0
20301,0
20302,0
20303,0
20304,1
20305,1
20306,1
20307,1
20308,1
20309,0
20310,0
20311,0
20312,0
20313,1
20314,1
20315,1
20316,0
20317,0
20318,0
20319,0
20320,0
20321,0
20322,0
20323,1
20324,0
20325,1
20326,0
20327,1
20328,1
20329,1
20330,1
20331,0
20332,0
20333,0
20334,0
20335,0
20336,1
20337,1
20338,0
20339,1
20340,0
20341,0
20342,1
20343,0
20344,1
20345,0
20346,1
20347,0
20348,1
20349,0
20350,1
20351,0
20352,1
20353,0
20354,1
20355,0
20356,0
20357,0
20358,0
20359,1
20360,0
20361,0
20362,0
20363,0
20364,0
20365,0
20366,1
20367,0
20368,1
20369,0
20370,1
20371,0
20372,0
20373,1
20374,0
20375,0
20376,0
20377,0
20378,0
20379,0
20380,0
20381,0
20382,1
20383,0
20384,0
20385,0
20386,0
20387,0
20388,0
20389,0
20390,1
20391,1
20392,0
20393,0
20394,1
20395,0
20396,0
20397,0
20398,1
20399,0
20400,0
20401,0
20402,0
20403,0
20404,1
20405,0
20406,1
20407,1
20408,0
20409,0
20410,0
20411,0
20412,1
20413,1
20414,0
20415,1
20416,0
20417,0
20418,0
20419,0
20420,1
20421,1
20422,0
20423,1
20424,1
20425,0
20426,0
20427,0
20428,1
20429,1
20430,0
20431,0
20432,0
20433,0
20434,0
20435,0
20436,0
20437,1
20438,0
20439,0
20440,0
20441,1
20442,0
20443,0
20444,0
20445,1
20446,0
20447,1
20448,1
20449,1
20450,1
20451,0
20452,1
20453,0
20454,0
20455,0
20456,0
20457,1
20458,0
20459,1
20460,0
20461,0
20462,1
20463,1
20464,1
20465,1
20466,0
20467,0
20468,1
20469,1
20470,0
20471,1
20472,0
20473,0
20474,0
20475,0
20476,1
20477,0
20478,0
20479,0
20480,0
20481,0
20482,1
20483,0
20484,0
20485,1
20486,1
20487,0
20488,0
20489,0
20490,0
20491,0
20492,0
20493,0
20494,1
20495,1
20496,1
20497,1
20498,0
20499,0
20500,1
20501,1
20502,1
20503,1
20504,1
20505,0
20506,0
20507,0
20508,0
20509,1
20510,1
20511,0
20512,0
20513,0
20514,0
20515,0
20516,1
20517,0
20518,1
20519,1
20520,0
20521,0
20522,1
20523,0
20524,0
20525,1
20526,1
20527,1
20528,0
20529,0
20530,0
20531,0
20532,0
20533,0
20534,0
20535,0
20536,0
20537,0
20538,0
20539,0
20540,1
20541,1
20542,0
20543,1
20544,1
20545,1
20546,0
20547,0
20548,1
20549,1
20550,0
20551,0
20552,0
20553,0
20554,1
20555,0
20556,0
20557,0
20558,1
20559,0
20560,0
20561,0
20562,1
20563,0
20564,0
20565,1
20566,0
20567,0
20568,1
20569,0
20570,1
20571,1
20572,0
20573,1
20574,1
20575,1
20576,1
20577,1
20578,0
20579,0
20580,0
20581,1
20582,0
20583,1
20584,1
20585,0
20586,0
20587,0
20588,0
20589,1
20590,0
20591,0
20592,0
20593,0
20594,0
20595,0
20596,0
20597,1
20598,0
20599,0
20600,0
20601,0
20602,1
20603,0
20604,0
20605,0
20606,0
20607,1
20608,0
20609,1
20610,1
20611,0
20612,1
20613,1
20614,0
20615,0
20616,0
20617,1
20618,1
20619,0
20620,0
20621,1
20622,0
20623,0
20624,0
20625,0
20626,0
20627,0
20628,1
20629,0
20630,0
20631,0
20632,0
20633,0
20634,1
20635,1
20636,0
20637,0
20638,0
20639,0
20640,1
20641,0
20642,0
20643,0
20644,0
20645,1
20646,0
20647,0
20648,1
20649,1
20650,0
20651,1
20652,0
20653,0
20654,0
20655,1
20656,0
20657,0
20658,1
20659,0
20660,1
20661,0
20662,1
20663,1
20664,0
20665,0
20666,0
20667,1
20668,1
20669,1
20670,0
20671,0
20672,0
20673,0
20674,1
20675,0
20676,0
20677,0
20678,0
20679,0
20680,0
20681,0
20682,0
20683,1
20684,1
20685,1
20686,0
20687,0
20688,0
20689,0
20690,0
20691,0
20692,0
20693,0
20694,1
20695,1
20696,1
20697,0
20698,0
20699,0
20700,0
20701,0
20702,0
20703,0
20704,0
20705,0
20706,1
20707,1
20708,0
20709,0
20710,0
20711,1
20712,1
20713,1
20714,0
20715,0
20716,0
20717,1
20718,0
20719,0
20720,1
20721,0
20722,1
20723,0
20724,0
20725,0
20726,0
20727,0
20728,0
20729,1
20730,1
20731,1
20732,0
20733,1
20734,1
20735,0
20736,0
20737,0
20738,1
20739,0
20740,0
20741,0
20742,1
20743,0
20744,1
20745,0
20746,0
20747,0
20748,0
20749,0
20750,1
20751,0
20752,0
20753,0
20754,0
20755,0
20756,1
20757,1
20758,0
20759,0
20760,1
20761,1
20762,1
20763,1
20764,0
20765,0
20766,0
20767,0
20768,0
20769,1
20770,0
20771,0
20772,1
20773,1
20774,1
20775,0
20776,0
20777,0
20778,0
20779,0
20780,0
20781,0
20782,0
20783,0
20784,0
20785,0
20786,0
20787,0
20788,0
20789,0
20790,0
20791,0
20792,1
20793,1
20794,0
20795,1
20796,0
20797,1
20798,0
20799,0
20800,0
20801,0
20802,0
20803,0
20804,0
20805,0
20806,0
20807,0
20808,0
20809,0
20810,0
20811,0
20812,0
20813,1
20814,0
20815,1
20816,0
20817,0
20818,0
20819,0
20820,0
20821,1
20822,1
20823,0
20824,0
20825,0
20826,0
20827,0
20828,0
20829,1
20830,1
20831,0
20832,0
20833,0
20834,0
20835,0
20836,0
20837,0
20838,0
20839,1
20840,1
20841,0
20842,1
20843,0
20844,1
20845,0
20846,0
20847,0
20848,1
20849,0
20850,0
20851,1
20852,1
20853,0
20854,0
20855,0
20856,1
20857,1
20858,0
20859,0
20860,0
20861,0
20862,0
20863,0
20864,0
20865,1
20866,0
20867,1
20868,0
20869,1
20870,1
20871,0
20872,1
20873,0
20874,1
20875,1
20876,0
20877,0
20878,0
20879,1
20880,1
20881,1
20882,0
20883,1
20884,0
20885,0
20886,1
20887,0
20888,1
20889,0
20890,0
20891,1
20892,1
20893,0
20894,0
20895,1
20896,1
20897,1
20898,0
20899,1
20900,1
20901,0
20902,1
20903,0
20904,0
20905,0
20906,0
20907,1
20908,0
20909,1
20910,0
20911,0
20912,0
20913,0
20914,0
20915,0
20916,1
20917,1
20918,0
20919,0
20920,1
20921,0
20922,1
20923,1
20924,0
20925,0
20926,0
20927,0
20928,0
20929,0
20930,0
20931,0
20932,1
20933,0
20934,1
20935,0
20936,1
20937,1
20938,1
20939,0
20940,0
20941,0
20942,1
20943,1
20944,0
20945,0
20946,1
20947,0
20948,0
20949,0
20950,0
20951,1
20952,1
20953,0
20954,0
20955,1
20956,0
20957,1
20958,0
20959,0
20960,1
20961,0
20962,0
20963,1
20964,0
20965,0
20966,0
20967,1
20968,0
20969,1
20970,0
20971,1
20972,1
20973,0
20974,0
20975,0
20976,0
20977,1
20978,0
20979,0
20980,1
20981,0
20982,0
20983,1
20984,0
20985,1
20986,1
20987,0
20988,1
20989,0
20990,0
20991,1
20992,1
20993,0
20994,0
20995,0
20996,1
20997,1
20998,0
20999,1
21000,0
21001,0
21002,0
21003,1
21004,0
21005,1
21006,1
21007,1
21008,1
21009,1
21010,1
21011,1
21012,1
21013,0
21014,0
21015,1
21016,0
21017,0
21018,1
21019,0
21020,0
21021,0
21022,1
21023,0
21024,1
21025,0
21026,0
21027,1
21028,0
21029,0
21030,1
21031,1
21032,1
21033,1
21034,0
21035,0
21036,1
21037,0
21038,1
21039,1
21040,1
21041,0
21042,0
21043,1
21044,1
21045,0
21046,1
21047,0
21048,1
21049,1
21050,0
21051,1
21052,1
21053,0
21054,0
21055,0
21056,1
21057,1
21058,0
21059,1
21060,0
21061,0
21062,0
21063,0
21064,0
21065,0
21066,0
21067,0
21068,0
21069,1
21070,1
21071,1
21072,0
21073,0
21074,1
21075,1
21076,1
21077,0
21078,0
21079,1
21080,1
21081,0
21082,0
21083,1
21084,0
21085,0
21086,0
21087,1
21088,0
21089,0
21090,0
21091,1
21092,1
21093,1
21094,0
21095,1
21096,0
21097,1
21098,0
21099,1
21100,0
21101,1
21102,0
21103,0
21104,1
21105,1
21106,0
21107,0
21108,0
21109,0
21110,1
21111,0
21112,1
21113,1
21114,1
21115,0
21116,0
21117,1
21118,1
21119,0
21120,0
21121,1
21122,0
21123,0
21124,0
21125,0
21126,0
21127,0
21128,0
21129,0
21130,0
21131,0
21132,0
21133,0
21134,0
21135,1
21136,1
21137,0
21138,0
21139,0
21140,0
21141,0
21142,1
21143,0
21144,0
21145,0
21146,0
21147,1
21148,0
21149,0
21150,0
21151,0
21152,0
21153,1
21154,1
21155,0
21156,0
21157,0
21158,1
21159,1
21160,1
21161,0
21162,0
21163,1
21164,0
21165,0
21166,1
21167,0
21168,0
21169,0
21170,0
21171,1
21172,0
21173,1
21174,0
21175,1
21176,0
21177,0
21178,0
21179,1
21180,0
21181,0
21182,0
21183,0
21184,1
21185,0
21186,0
21187,1
21188,0
21189,0
21190,0
21191,0
21192,1
21193,0
21194,0
21195,0
21196,1
21197,0
21198,0
21199,1
21200,1
21201,1
21202,0
21203,1
21204,1
21205,1
21206,0
21207,1
21208,0
21209,0
21210,0
21211,1
21212,0
21213,0
21214,0
21215,0
21216,0
21217,0
21218,1
21219,0
21220,0
21221,0
21222,1
21223,0
21224,0
21225,1
21226,0
21227,1
21228,1
21229,1
21230,0
21231,0
21232,0
21233,1
21234,0
21235,0
21236,1
21237,1
21238,0
21239,0
21240,0
21241,0
21242,0
21243,1
21244,1
21245,0
21246,1
21247,1
21248,0
21249,0
21250,0
21251,0
21252,0
21253,1
21254,0
21255,0
21256,0
21257,0
21258,1
21259,0
21260,1
21261,1
21262,0
21263,0
21264,0
21265,0
21266,1
21267,0
21268,0
21269,1
21270,0
21271,0
21272,0
21273,1
21274,1
21275,1
21276,1
21277,0
21278,0
21279,0
21280,1
21281,0
21282,0
21283,1
21284,0
21285,1
21286,0
21287,0
21288,0
21289,0
21290,0
21291,1
21292,0
21293,0
21294,0
21295,0
21296,0
21297,1
21298,0
21299,0
21300,1
21301,0
21302,0
21303,1
21304,0
21305,1
21306,0
21307,0
21308,1
21309,1
21310,1
21311,0
21312,0
21313,0
21314,1
21315,0
21316,1
21317,0
21318,1
21319,0
21320,0
21321,1
21322,1
21323,0
21324,1
21325,1
21326,1
21327,0
21328,0
21329,0
21330,1
21331,0
21332,1
21333,1
21334,0
21335,1
21336,1
21337,0
21338,1
21339,0
21340,0
21341,0
21342,0
21343,0
21344,0
21345,1
21346,1
21347,0
21348,0
21349,0
21350,0
21351,0
21352,0
21353,1
21354,0
21355,1
21356,0
21357,0
21358,1
21359,0
21360,0
21361,0
21362,1
21363,0
21364,0
21365,0
21366,0
21367,0
21368,1
21369,0
21370,1
21371,0
21372,1
21373,0
21374,0
21375,0
21376,0
21377,0
21378,0
21379,0
21380,0
21381,0
21382,0
21383,0
21384,0
21385,0
21386,0
21387,1
21388,1
21389,0
21390,0
21391,1
21392,0
21393,1
21394,0
21395,1
21396,0
21397,1
21398,1
21399,1
21400,0
21401,0
21402,0
21403,0
21404,0
21405,0
21406,0
21407,0
21408,0
21409,0
21410,1
21411,1
21412,0
21413,0
21414,0
21415,0
21416,1
21417,1
21418,1
21419,0
21420,0
21421,0
21422,0
21423,1
21424,0
21425,1
21426,0
21427,0
21428,1
21429,1
21430,1
21431,1
21432,0
21433,1
21434,1
21435,0
21436,0
21437,0
21438,0
21439,1
21440,1
21441,1
21442,0
21443,1
21444,0
21445,0
21446,0
21447,0
21448,1
21449,0
21450,1
21451,0
21452,0
21453,0
21454,0
21455,1
21456,0
21457,0
21458,0
21459,0
21460,0
21461,0
21462,0
21463,0
21464,0
21465,0
21466,0
21467,1
21468,0
21469,1
21470,0
21471,1
21472,0
21473,0
21474,1
21475,0
21476,0
21477,1
21478,0
21479,0
21480,0
21481,1
21482,0
21483,0
21484,1
21485,0
21486,1
21487,1
21488,0
21489,0
21490,0
21491,1
21492,1
21493,0
21494,1
21495,0
21496,0
21497,1
21498,0
21499,0
21500,0
21501,0
21502,1
21503,1
21504,0
21505,1
21506,0
21507,1
21508,1
21509,0
21510,1
21511,1
21512,1
21513,1
21514,0
21515,0
21516,0
21517,0
21518,1
21519,1
21520,0
21521,1
21522,0
21523,0
21524,1
21525,0
21526,0
21527,1
21528,1
21529,1
21530,0
21531,0
21532,0
21533,0
21534,1
21535,0
21536,1
21537,1
21538,0
21539,0
21540,0
21541,1
21542,1
21543,0
21544,1
21545,0
21546,0
21547,0
21548,0
21549,0
21550,0
21551,0
21552,0
21553,1
21554,1
21555,0
21556,0
21557,0
21558,1
21559,1
21560,1
21561,0
21562,0
21563,0
21564,1
21565,0
21566,0
21567,1
21568,1
21569,0
21570,0
21571,1
21572,0
21573,1
21574,0
21575,1
21576,0
21577,0
21578,0
21579,0
21580,1
21581,0
21582,0
21583,0
21584,0
21585,0
21586,1
21587,0
21588,1
21589,0
21590,0
21591,0
21592,0
21593,0
21594,0
21595,0
21596,0
21597,1
21598,1
21599,0
21600,0
21601,1
21602,0
21603,0
21604,1
21605,0
21606,0
21607,0
21608,0
21609,0
21610,1
21611,1
21612,1
21613,1
21614,0
21615,0
21616,0
21617,0
21618,0
21619,0
21620,0
21621,0
21622,1
21623,1
21624,1
21625,0
21626,0
21627,1
21628,0
21629,1
21630,0
21631,0
21632,1
21633,1
21634,0
21635,0
21636,0
21637,0
21638,0
21639,1
21640,1
21641,0
21642,0
21643,1
21644,0
21645,1
21646,0
21647,1
21648,0
21649,0
21650,1
21651,1
21652,1
21653,1
21654,1
21655,1
21656,0
21657,0
21658,1
21659,1
21660,1
21661,1
21662,1
21663,0
21664,0
21665,0
21666,0
21667,0
21668,0
21669,1
21670,1
21671,0
21672,1
21673,0
21674,0
21675,0
21676,0
21677,0
21678,1
21679,0
21680,0
21681,1
21682,0
21683,0
21684,0
21685,0
21686,0
21687,0
21688,1
21689,1
21690,0
21691,1
21692,1
21693,0
21694,0
21695,1
21696,1
21697,1
21698,1
21699,0
21700,0
21701,1
21702,1
21703,0
21704,0
21705,0
21706,1
21707,0
21708,0
21709,0
21710,0
21711,0
21712,1
21713,1
21714,0
21715,0
21716,1
21717,1
21718,0
21719,0
21720,0
21721,0
21722,0
21723,0
21724,0
21725,1
21726,1
21727,0
21728,0
21729,0
21730,1
21731,0
21732,0
21733,1
21734,0
21735,1
21736,1
21737,1
21738,1
21739,0
21740,1
21741,1
21742,0
21743,0
21744,0
21745,1
21746,1
21747,0
21748,1
21749,0
21750,0
21751,1
21752,0
21753,1
21754,0
21755,0
21756,0
21757,0
21758,0
21759,1
21760,0
21761,0
21762,1
21763,1
21764,1
21765,0
21766,0
21767,1
21768,1
21769,1
21770,0
21771,0
21772,0
21773,0
21774,0
21775,1
21776,1
21777,0
21778,0
21779,0
21780,1
21781,0
21782,0
21783,1
21784,0
21785,0
21786,1
21787,1
21788,0
21789,0
21790,0
21791,1
21792,0
21793,0
21794,0
21795,0
21796,0
21797,0
21798,0
21799,0
21800,0
21801,1
21802,1
21803,0
21804,0
21805,0
21806,1
21807,0
21808,0
21809,1
21810,0
21811,1
21812,1
21813,0
21814,0
21815,0
21816,1
21817,0
21818,0
21819,0
21820,1
21821,1
21822,0
21823,0
21824,1
21825,0
21826,1
21827,0
21828,0
21829,0
21830,0
21831,1
21832,0
21833,1
21834,1
21835,1
21836,0
21837,0
21838,1
21839,0
21840,1
21841,1
21842,1
21843,0
21844,0
21845,0
21846,0
21847,1
21848,0
21849,0
21850,1
21851,1
21852,1
21853,0
21854,1
21855,1
21856,0
21857,1
21858,1
21859,0
21860,0
21861,0
21862,1
21863,0
21864,1
21865,0
21866,0
21867,0
21868,0
21869,1
21870,1
21871,0
21872,0
21873,0
21874,0
21875,0
21876,0
21877,0
21878,0
21879,1
21880,1
21881,1
21882,0
21883,1
21884,0
21885,0
21886,0
21887,0
21888,0
21889,0
21890,0
21891,1
21892,0
21893,0
21894,0
21895,0
21896,1
21897,0
21898,1
21899,0
21900,0
21901,0
21902,0
21903,0
21904,0
21905,1
21906,0
21907,1
21908,1
21909,0
21910,1
21911,0
21912,0
21913,1
21914,1
21915,1
21916,0
21917,0
21918,0
21919,0
21920,1
21921,1
21922,1
21923,0
21924,0
21925,0
21926,1
21927,0
21928,0
21929,1
21930,1
21931,1
21932,0
21933,1
21934,0
21935,0
21936,1
21937,0
21938,1
21939,0
21940,0
21941,0
21942,0
21943,0
21944,0
21945,0
21946,0
21947,0
21948,0
21949,1
21950,1
21951,0
21952,0
21953,0
21954,0
21955,0
21956,1
21957,0
21958,0
21959,0
21960,1
21961,0
21962,1
21963,0
21964,1
21965,0
21966,0
21967,0
21968,0
21969,1
21970,1
21971,1
21972,0
21973,0
21974,1
21975,0
21976,0
21977,0
21978,0
21979,1
21980,0
21981,0
21982,0
21983,0
21984,0
21985,0
21986,0
21987,0
21988,0
21989,0
21990,1
21991,0
21992,0
21993,0
21994,0
21995,0
21996,0
21997,0
21998,1
21999,0
22000,0
22001,1
22002,1
22003,1
22004,0
22005,0
22006,0
22007,1
22008,1
22009,0
22010,1
22011,0
22012,1
22013,1
22014,1
22015,0
22016,1
22017,1
22018,0
22019,1
22020,1
22021,0
22022,1
22023,1
22024,0
22025,0
22026,1
22027,0
22028,0
22029,0
22030,1
22031,0
22032,0
22033,0
22034,0
22035,0
22036,1
22037,1
22038,0
22039,1
22040,0
22041,0
22042,0
22043,0
22044,1
22045,1
22046,0
22047,1
22048,0
22049,0
22050,0
22051,0
22052,1
22053,1
22054,0
22055,1
22056,0
22057,1
22058,0
22059,1
22060,0
22061,0
22062,0
22063,0
22064,1
22065,1
22066,1
22067,1
22068,0
22069,1
22070,1
22071,1
22072,0
22073,0
22074,0
22075,0
22076,0
22077,0
22078,0
22079,0
22080,1
22081,1
22082,1
22083,0
22084,0
22085,1
22086,1
22087,0
22088,1
22089,0
22090,0
22091,1
22092,1
22093,1
22094,1
22095,0
22096,0
22097,0
22098,0
22099,0
22100,0
22101,0
22102,0
22103,0
22104,1
22105,0
22106,0
22107,1
22108,1
22109,0
22110,1
22111,0
22112,1
22113,1
22114,1
22115,0
22116,0
22117,0
22118,1
22119,0
22120,1
22121,0
22122,0
22123,0
22124,0
22125,0
22126,0
22127,0
22128,0
22129,0
22130,1
22131,1
22132,0
22133,1
22134,0
22135,1
22136,1
22137,0
22138,0
22139,0
22140,1
22141,1
22142,0
22143,0
22144,0
22145,0
22146,0
22147,0
22148,1
22149,0
22150,1
22151,0
22152,0
22153,0
22154,0
22155,0
22156,0
22157,0
22158,0
22159,0
22160,0
22161,1
22162,0
22163,0
22164,0
22165,1
22166,0
22167,0
22168,1
22169,0
22170,1
22171,0
22172,1
22173,0
22174,0
22175,1
22176,0
22177,0
22178,0
22179,0
22180,0
22181,0
22182,0
22183,1
22184,0
22185,0
22186,0
22187,0
22188,0
22189,1
22190,0
22191,0
22192,1
22193,1
22194,0
22195,0
22196,0
22197,0
22198,1
22199,0
22200,1
22201,0
22202,0
22203,0
22204,0
22205,1
22206,0
22207,1
22208,0
22209,0
22210,0
22211,1
22212,0
22213,0
22214,0
22215,0
22216,1
22217,1
22218,0
22219,1
22220,1
22221,0
22222,0
22223,1
22224,1
22225,0
22226,1
22227,0
22228,0
22229,1
22230,0
22231,1
22232,0
22233,0
22234,0
22235,0
22236,0
22237,0
22238,1
22239,0
22240,0
22241,0
22242,1
22243,0
22244,0
22245,0
22246,1
22247,1
22248,0
22249,0
22250,0
22251,0
22252,0
22253,0
22254,1
22255,1
22256,0
22257,0
22258,1
22259,0
22260,0
22261,1
22262,0
22263,0
22264,0
22265,0
22266,0
22267,0
22268,0
22269,1
22270,1
22271,0
22272,0
22273,1
22274,0
22275,0
22276,0
22277,1
22278,1
22279,0
22280,1
22281,0
22282,1
22283,0
22284,0
22285,0
22286,0
22287,0
22288,1
22289,1
22290,0
22291,0
22292,0
22293,1
22294,1
22295,1
22296,1
22297,0
22298,0
22299,0
22300,0
22301,0
22302,0
22303,1
22304,1
22305,1
22306,1
22307,0
22308,0
22309,0
22310,0
22311,0
22312,0
22313,0
22314,0
22315,0
22316,1
22317,0
22318,0
22319,0
22320,1
22321,0
22322,0
22323,0
22324,0
22325,0
22326,0
22327,1
22328,0
22329,0
22330,0
22331,1
22332,0
22333,0
22334,1
22335,0
22336,1
22337,1
22338,0
22339,0
22340,1
22341,0
22342,1
22343,1
22344,0
22345,0
22346,1
22347,0
22348,0
22349,0
22350,1
22351,0
22352,0
22353,0
22354,0
22355,1
22356,0
22357,0
22358,0
22359,1
22360,0
22361,1
22362,0
22363,1
22364,0
22365,0
22366,0
22367,0
22368,0
22369,1
22370,1
22371,0
22372,0
22373,1
22374,0
22375,0
22376,0
22377,0
22378,0
22379,0
22380,0
22381,0
22382,0
22383,1
22384,1
22385,0
22386,1
22387,0
22388,1
22389,1
22390,0
22391,0
22392,0
22393,1
22394,0
22395,1
22396,0
22397,1
22398,1
22399,0
22400,0
22401,0
22402,1
22403,0
22404,0
22405,1
22406,0
22407,0
22408,0
22409,0
22410,1
22411,0
22412,1
22413,0
22414,0
22415,1
22416,1
22417,1
22418,0
22419,0
22420,0
22421,1
22422,0
22423,0
22424,1
22425,0
22426,1
22427,0
22428,0
22429,0
22430,1
22431,0
22432,1
22433,1
22434,1
22435,0
22436,0
22437,0
22438,0
22439,0
22440,1
22441,0
22442,1
22443,0
22444,1
22445,0
22446,0
22447,1
22448,1
22449,0
22450,1
22451,1
22452,1
22453,1
22454,0
22455,0
22456,0
22457,0
22458,1
22459,0
22460,0
22461,0
22462,0
22463,0
22464,1
22465,1
22466,1
22467,0
22468,0
22469,1
22470,0
22471,0
22472,0
22473,1
22474,0
22475,0
22476,1
22477,1
22478,0
22479,1
22480,1
22481,1
22482,1
22483,0
22484,0
22485,0
22486,1
22487,0
22488,0
22489,1
22490,0
22491,0
22492,1
22493,1
22494,0
22495,0
22496,0
22497,0
22498,0
22499,0
22500,1
22501,0
22502,0
22503,1
22504,0
22505,0
22506,1
22507,0
22508,0
22509,1
22510,0
22511,0
22512,1
22513,0
22514,1
22515,0
22516,0
22517,0
22518,0
22519,0
22520,1
22521,1
22522,0
22523,0
22524,1
22525,1
22526,1
22527,0
22528,0
22529,0
22530,0
22531,0
22532,1
22533,1
22534,1
22535,1
22536,0
22537,0
22538,0
22539,0
22540,0
22541,1
22542,0
22543,0
22544,0
22545,0
22546,0
22547,0
22548,1
22549,0
22550,0
22551,0
22552,0
22553,0
22554,1
22555,0
22556,0
22557,0
22558,0
22559,1
22560,0
22561,0
22562,1
22563,0
22564,1
22565,0
22566,0
22567,1
22568,0
22569,0
22570,0
22571,1
22572,1
22573,0
22574,0
22575,0
22576,0
22577,1
22578,0
22579,1
22580,1
22581,1
22582,1
22583,1
22584,0
22585,0
22586,0
22587,0
22588,0
22589,0
22590,1
22591,0
22592,0
22593,0
22594,1
22595,0
22596,0
22597,0
22598,0
22599,0
22600,1
22601,0
22602,0
22603,0
22604,0
22605,0
22606,0
22607,0
22608,0
22609,0
22610,0
22611,1
22612,0
22613,0
22614,0
22615,0
22616,0
22617,1
22618,0
22619,0
22620,0
22621,0
22622,0
22623,0
22624,1
22625,0
22626,0
22627,0
22628,0
22629,0
22630,1
22631,0
22632,0
22633,1
22634,0
22635,0
22636,0
22637,0
22638,0
22639,1
22640,0
22641,1
22642,0
22643,0
22644,0
22645,0
22646,0
22647,1
22648,1
22649,0
22650,0
22651,1
22652,1
22653,0
22654,0
22655,1
22656,1
22657,1
22658,0
22659,0
22660,0
22661,1
22662,0
22663,1
22664,1
22665,0
22666,1
22667,0
22668,0
22669,1
22670,0
22671,0
22672,1
22673,1
22674,0
22675,1
22676,0
22677,1
22678,0
22679,0
22680,0
22681,1
22682,1
22683,1
22684,0
22685,0
22686,0
22687,1
22688,0
22689,0
22690,1
22691,0
22692,1
22693,0
22694,0
22695,0
22696,0
22697,0
22698,0
22699,1
22700,1
22701,0
22702,0
22703,1
22704,0
22705,0
22706,0
22707,0
22708,0
22709,0
22710,0
22711,0
22712,1
22713,0
22714,0
22715,0
22716,0
22717,1
22718,0
22719,1
22720,0
22721,0
22722,0
22723,0
22724,0
22725,0
22726,0
22727,0
22728,1
22729,0
22730,0
22731,0
22732,0
22733,1
22734,0
22735,0
22736,1
22737,0
22738,1
22739,0
22740,1
22741,0
22742,0
22743,1
22744,0
22745,1
22746,0
22747,0
22748,1
22749,0
22750,0
22751,0
22752,0
22753,0
22754,0
22755,1
22756,0
22757,0
22758,0
22759,0
22760,1
22761,0
22762,1
22763,1
22764,1
22765,1
22766,0
22767,1
22768,0
22769,0
22770,0
22771,0
22772,1
22773,0
22774,0
22775,0
22776,0
22777,0
22778,0
22779,0
22780,0
22781,1
22782,0
22783,1
22784,0
22785,1
22786,1
22787,0
22788,0
22789,1
22790,0
22791,0
22792,0
22793,0
22794,0
22795,1
22796,0
22797,0
22798,1
22799,1
22800,1
22801,0
22802,1
22803,0
22804,0
22805,1
22806,1
22807,1
22808,1
22809,0
22810,1
22811,0
22812,0
22813,1
22814,0
22815,1
22816,1
22817,1
22818,0
22819,1
22820,1
22821,0
22822,0
22823,1
22824,0
22825,1
22826,0
22827,0
22828,1
22829,1
22830,1
22831,0
22832,1
22833,0
22834,0
22835,1
22836,0
22837,1
22838,0
22839,1
22840,1
22841,0
22842,0
22843,0
22844,0
22845,0
22846,0
22847,0
22848,0
22849,1
22850,0
22851,0
22852,0
22853,1
22854,0
22855,0
22856,0
22857,0
22858,1
22859,1
22860,1
22861,0
22862,1
22863,1
22864,0
22865,1
22866,1
22867,0
22868,0
22869,1
22870,0
22871,0
22872,1
22873,0
22874,1
22875,0
22876,0
22877,0
22878,1
22879,0
22880,0
22881,0
22882,1
22883,0
22884,0
22885,0
22886,0
22887,0
22888,0
22889,0
22890,0
22891,1
22892,0
22893,1
22894,1
22895,0
22896,0
22897,0
22898,0
22899,1
22900,1
22901,0
22902,1
22903,1
22904,0
22905,0
22906,0
22907,1
22908,0
22909,0
22910,0
22911,1
22912,1
22913,0
22914,1
22915,0
22916,1
22917,0
22918,0
22919,0
22920,1
22921,1
22922,0
22923,0
22924,0
22925,0
22926,0
22927,0
22928,0
22929,0
22930,1
22931,0
22932,1
22933,0
22934,0
22935,0
22936,1
22937,0
22938,0
22939,1
22940,1
22941,0
22942,0
22943,0
22944,0
22945,1
22946,0
22947,0
22948,1
22949,0
22950,1
22951,1
22952,1
22953,1
22954,1
22955,0
22956,0
22957,1
22958,0
22959,0
22960,0
22961,0
22962,0
22963,0
22964,1
22965,0
22966,0
22967,1
22968,0
22969,0
22970,1
22971,0
22972,1
22973,1
22974,1
22975,0
22976,0
22977,0
22978,0
22979,1
22980,1
22981,1
22982,1
22983,0
22984,0
22985,0
22986,0
22987,1
22988,0
22989,0
22990,0
22991,0
22992,0
22993,0
22994,1
22995,0
22996,0
22997,0
22998,0
22999,0
23000,1
23001,0
23002,0
23003,0
23004,0
23005,0
23006,0
23007,1
23008,1
23009,1
23010,1
23011,1
23012,1
23013,0
23014,0
23015,0
23016,0
23017,0
23018,0
23019,0
23020,0
23021,0
23022,1
23023,0
23024,0
23025,0
23026,0
23027,0
23028,1
23029,0
23030,0
23031,1
23032,1
23033,0
23034,0
23035,0
23036,0
23037,1
23038,0
23039,0
23040,0
23041,1
23042,0
23043,0
23044,0
23045,0
23046,0
23047,0
23048,0
23049,0
23050,1
23051,1
23052,0
23053,1
23054,0
23055,1
23056,0
23057,1
23058,0
23059,1
23060,0
23061,0
23062,1
23063,0
23064,0
23065,0
23066,0
23067,0
23068,1
23069,0
23070,0
23071,0
23072,0
23073,0
23074,1
23075,0
23076,0
23077,0
23078,1
23079,1
23080,0
23081,0
23082,0
23083,1
23084,0
23085,1
23086,0
23087,0
23088,1
23089,0
23090,0
23091,0
23092,0
23093,1
23094,0
23095,0
23096,0
23097,0
23098,0
23099,0
23100,1
23101,0
23102,0
23103,1
23104,0
23105,0
23106,1
23107,0
23108,1
23109,1
23110,1
23111,0
23112,0
23113,1
23114,0
23115,1
23116,0
23117,0
23118,0
23119,0
23120,1
23121,0
23122,1
23123,0
23124,1
23125,1
23126,1
23127,0
23128,1
23129,0
23130,0
23131,1
23132,0
23133,0
23134,0
23135,0
23136,1
23137,1
23138,1
23139,0
23140,1
23141,0
23142,0
23143,0
23144,0
23145,0
23146,1
23147,1
23148,0
23149,0
23150,1
23151,0
23152,1
23153,0
23154,1
23155,0
23156,1
23157,0
23158,0
23159,0
23160,1
23161,0
23162,1
23163,1
23164,0
23165,0
23166,0
23167,1
23168,0
23169,0
23170,1
23171,0
23172,0
23173,0
23174,0
23175,0
23176,0
23177,0
23178,0
23179,1
23180,0
23181,0
23182,0
23183,1
23184,1
23185,1
23186,1
23187,1
23188,0
23189,1
23190,1
23191,1
23192,0
23193,0
23194,0
23195,1
23196,0
23197,0
23198,0
23199,0
23200,0
23201,0
23202,0
23203,1
23204,0
23205,0
23206,1
23207,0
23208,0
23209,0
23210,0
23211,1
23212,1
23213,1
23214,1
23215,0
23216,0
23217,1
23218,1
23219,0
23220,1
23221,0
23222,1
23223,0
23224,0
23225,1
23226,1
23227,0
23228,1
23229,1
23230,1
23231,1
23232,0
23233,1
23234,0
23235,0
23236,1
23237,0
23238,0
23239,1
23240,0
23241,0
23242,0
23243,1
23244,0
23245,0
23246,0
23247,0
23248,0
23249,1
23250,0
23251,0
23252,0
23253,0
23254,0
23255,1
23256,1
23257,0
23258,0
23259,1
23260,0
23261,0
23262,1
23263,0
23264,0
23265,0
23266,1
23267,0
23268,0
23269,0
23270,0
23271,1
23272,1
23273,0
23274,0
23275,0
23276,0
23277,0
23278,0
23279,1
23280,0
23281,0
23282,1
23283,0
23284,1
23285,0
23286,0
23287,0
23288,1
23289,0
23290,0
23291,0
23292,0
23293,0
23294,0
23295,0
23296,0
23297,1
23298,0
23299,0
23300,0
23301,0
23302,0
23303,0
23304,1
23305,1
23306,1
23307,0
23308,0
23309,1
23310,1
23311,0
23312,0
23313,0
23314,0
23315,0
23316,1
23317,0
23318,0
23319,1
23320,1
23321,1
23322,1
23323,0
23324,0
23325,0
23326,0
23327,0
23328,0
23329,1
23330,0
23331,0
23332,1
23333,0
23334,0
23335,0
23336,0
23337,1
23338,0
23339,0
23340,0
23341,0
23342,0
23343,1
23344,0
23345,0
23346,0
23347,0
23348,0
23349,0
23350,1
23351,0
23352,0
23353,0
23354,0
23355,0
23356,1
23357,1
23358,0
23359,0
23360,1
23361,0
23362,1
23363,0
23364,1
23365,0
23366,0
23367,0
23368,0
23369,0
23370,0
23371,0
23372,1
23373,0
23374,0
23375,0
23376,0
23377,0
23378,0
23379,0
23380,0
23381,0
23382,1
23383,0
23384,0
23385,1
23386,0
23387,1
23388,0
23389,0
23390,1
23391,0
23392,0
23393,0
23394,1
23395,1
23396,0
23397,0
23398,0
23399,1
23400,0
23401,1
23402,0
23403,0
23404,0
23405,0
23406,1
23407,1
23408,0
23409,0
23410,1
23411,1
23412,1
23413,1
23414,0
23415,0
23416,0
23417,1
23418,1
23419,0
23420,1
23421,0
23422,1
23423,1
23424,1
23425,1
23426,1
23427,0
23428,1
23429,0
23430,0
23431,0
23432,0
23433,0
23434,1
23435,1
23436,0
23437,0
23438,1
23439,0
23440,0
23441,0
23442,0
23443,0
23444,0
23445,0
23446,1
23447,0
23448,0
23449,0
23450,0
23451,0
23452,0
23453,0
23454,0
23455,0
23456,0
23457,1
23458,0
23459,0
23460,0
23461,0
23462,1
23463,0
23464,1
23465,1
23466,0
23467,0
23468,0
23469,1
23470,0
23471,1
23472,0
23473,0
23474,0
23475,1
23476,0
23477,0
23478,1
23479,0
23480,1
23481,0
23482,1
23483,1
23484,1
23485,0
23486,0
23487,0
23488,0
23489,0
23490,0
23491,0
23492,0
23493,0
23494,1
23495,0
23496,0
23497,0
23498,1
23499,0
23500,0
23501,0
23502,0
23503,1
23504,1
23505,0
23506,0
23507,0
23508,0
23509,0
23510,0
23511,0
23512,1
23513,1
23514,0
23515,1
23516,0
23517,0
23518,0
23519,1
23520,0
23521,0
23522,0
23523,0
23524,1
23525,1
23526,1
23527,0
23528,1
23529,0
23530,0
23531,0
23532,0
23533,0
23534,1
23535,1
23536,1
23537,1
23538,0
23539,0
23540,1
23541,0
23542,1
23543,1
23544,1
23545,0
23546,0
23547,0
23548,1
23549,1
23550,0
23551,0
23552,0
23553,0
23554,0
23555,0
23556,0
23557,1
23558,0
23559,0
23560,0
23561,0
23562,1
23563,1
23564,1
23565,1
23566,0
23567,1
23568,1
23569,1
23570,1
23571,1
23572,1
23573,0
23574,1
23575,0
23576,0
23577,0
23578,1
23579,1
23580,0
23581,0
23582,0
23583,0
23584,0
23585,1
23586,1
23587,1
23588,0
23589,0
23590,0
23591,1
23592,1
23593,1
23594,0
23595,0
23596,0
23597,0
23598,1
23599,1
23600,0
23601,0
23602,1
23603,0
23604,0
23605,1
23606,1
23607,1
23608,0
23609,0
23610,0
23611,0
23612,0
23613,1
23614,1
23615,1
23616,0
23617,0
23618,1
23619,1
23620,1
23621,1
23622,1
23623,0
23624,1
23625,1
23626,0
23627,0
23628,1
23629,0
23630,0
23631,0
23632,0
23633,0
23634,0
23635,0
23636,0
23637,1
23638,0
23639,0
23640,1
23641,0
23642,0
23643,1
23644,0
23645,1
23646,0
23647,1
23648,0
23649,1
23650,0
23651,0
23652,1
23653,0
23654,0
23655,1
23656,0
23657,1
23658,0
23659,0
23660,1
23661,1
23662,1
23663,0
23664,1
23665,0
23666,1
23667,1
23668,0
23669,0
23670,0
23671,1
23672,0
23673,0
23674,0
23675,0
23676,1
23677,0
23678,0
23679,0
23680,0
23681,0
23682,0
23683,0
23684,1
23685,0
23686,0
23687,1
23688,0
23689,1
23690,0
23691,0
23692,1
23693,0
23694,1
23695,0
23696,0
23697,0
23698,1
23699,0
23700,0
23701,1
23702,0
23703,0
23704,0
23705,0
23706,1
23707,1
23708,0
23709,0
23710,0
23711,1
23712,0
23713,0
23714,0
23715,0
23716,1
23717,0
23718,1
23719,1
23720,0
23721,0
23722,1
23723,0
23724,1
23725,0
23726,0
23727,1
23728,0
23729,0
23730,0
23731,1
23732,0
23733,0
23734,1
23735,1
23736,0
23737,0
23738,0
23739,0
23740,1
23741,1
23742,0
23743,0
23744,1
23745,1
23746,0
23747,0
23748,0
23749,1
23750,0
23751,0
23752,1
23753,0
23754,1
23755,0
23756,0
23757,1
23758,0
23759,0
23760,0
23761,0
23762,0
23763,0
23764,1
23765,0
23766,1
23767,0
23768,0
23769,0
23770,0
23771,1
23772,0
23773,0
23774,0
23775,0
23776,0
23777,1
23778,1
23779,1
23780,0
23781,0
23782,0
23783,1
23784,0
23785,0
23786,1
23787,0
23788,1
23789,1
23790,0
23791,1
23792,1
23793,1
23794,1
23795,1
23796,0
23797,0
23798,0
23799,0
23800,0
23801,0
23802,0
23803,1
23804,0
23805,1
23806,1
23807,0
23808,0
23809,1
23810,0
23811,1
23812,0
23813,0
23814,0
23815,0
23816,0
23817,1
23818,0
23819,0
23820,0
23821,1
23822,0
23823,1
23824,0
23825,1
23826,0
23827,1
23828,0
23829,0
23830,0
23831,0
23832,0
23833,0
23834,1
23835,0
23836,0
23837,0
23838,0
23839,0
23840,0
23841,0
23842,0
23843,0
23844,0
23845,0
23846,0
23847,1
23848,1
23849,1
23850,1
23851,1
23852,0
23853,0
23854,1
23855,1
23856,1
23857,0
23858,0
23859,0
23860,0
23861,1
23862,1
23863,0
23864,0
23865,0
23866,1
23867,0
23868,0
23869,0
23870,0
23871,0
23872,0
23873,0
23874,0
23875,1
23876,0
23877,0
23878,0
23879,1
23880,1
23881,1
23882,1
23883,1
23884,1
23885,0
23886,1
23887,1
23888,0
23889,0
23890,0
23891,1
23892,0
23893,0
23894,0
23895,1
23896,0
23897,0
23898,1
23899,1
23900,0
23901,0
23902,1
23903,0
23904,1
23905,1
23906,0
23907,0
23908,0
23909,0
23910,0
23911,1
23912,1
23913,0
23914,1
23915,0
23916,1
23917,0
23918,1
23919,0
23920,0
23921,1
23922,0
23923,0
23924,0
23925,0
23926,1
23927,0
23928,1
23929,1
23930,0
23931,0
23932,1
23933,0
23934,1
23935,1
23936,0
23937,1
23938,0
23939,0
23940,1
23941,1
23942,0
23943,1
23944,1
23945,1
23946,0
23947,1
23948,0
23949,0
23950,0
23951,0
23952,0
23953,1
23954,0
23955,1
23956,0
23957,0
23958,0
23959,1
23960,0
23961,0
23962,1
23963,0
23964,1
23965,0
23966,0
23967,1
23968,0
23969,0
23970,1
23971,0
23972,0
23973,1
23974,0
23975,0
23976,0
23977,1
23978,1
23979,0
23980,0
23981,0
23982,0
23983,1
23984,0
23985,1
23986,0
23987,0
23988,0
23989,0
23990,0
23991,0
23992,0
23993,0
23994,0
23995,0
23996,0
23997,1
23998,1
23999,0
24000,0
24001,0
24002,0
24003,0
24004,0
24005,1
24006,0
24007,0
24008,0
24009,1
24010,0
24011,0
24012,0
24013,1
24014,1
24015,0
24016,1
24017,1
24018,0
24019,0
24020,0
24021,1
24022,0
24023,0
24024,1
24025,0
24026,1
24027,0
24028,0
24029,0
24030,1
24031,0
24032,1
24033,1
24034,1
24035,0
24036,1
24037,0
24038,0
24039,1
24040,0
24041,1
24042,0
24043,1
24044,0
24045,0
24046,1
24047,0
24048,0
24049,0
24050,1
24051,0
24052,0
24053,0
24054,1
24055,0
24056,1
24057,0
24058,1
24059,0
24060,1
24061,1
24062,1
24063,1
24064,0
24065,0
24066,0
24067,1
24068,1
24069,0
24070,0
24071,0
24072,0
24073,1
24074,0
24075,1
24076,0
24077,1
24078,1
24079,1
24080,1
24081,1
24082,0
24083,0
24084,0
24085,1
24086,1
24087,1
24088,0
24089,1
24090,0
24091,1
24092,1
24093,0
24094,0
24095,0
24096,1
24097,1
24098,1
24099,1
24100,0
24101,0
24102,0
24103,1
24104,0
24105,0
24106,0
24107,1
24108,0
24109,0
24110,1
24111,0
24112,1
24113,0
24114,0
24115,0
24116,0
24117,0
24118,1
24119,1
24120,0
24121,1
24122,0
24123,1
24124,1
24125,0
24126,0
24127,1
24128,0
24129,1
24130,1
24131,0
24132,0
24133,0
24134,0
24135,1
24136,0
24137,1
24138,0
24139,1
24140,0
24141,1
24142,1
24143,1
24144,0
24145,0
24146,0
24147,1
24148,0
24149,1
24150,0
24151,0
24152,0
24153,0
24154,0
24155,0
24156,0
24157,1
24158,1
24159,0
24160,1
24161,0
24162,1
24163,0
24164,1
24165,1
24166,0
24167,1
24168,0
24169,0
24170,0
24171,1
24172,0
24173,0
24174,0
24175,1
24176,0
24177,1
24178,1
24179,0
24180,0
24181,0
24182,0
24183,0
24184,0
24185,0
24186,0
24187,1
24188,1
24189,1
24190,1
24191,0
24192,0
24193,1
24194,0
24195,0
24196,0
24197,1
24198,0
24199,0
24200,0
24201,0
24202,0
24203,1
24204,1
24205,0
24206,0
24207,0
24208,0
24209,0
24210,0
24211,0
24212,0
24213,0
24214,0
24215,0
24216,1
24217,0
24218,0
24219,1
24220,0
24221,1
24222,1
24223,0
24224,1
24225,1
24226,0
24227,1
24228,0
24229,0
24230,0
24231,0
24232,1
24233,1
24234,0
24235,0
24236,0
24237,0
24238,0
24239,0
24240,1
24241,0
24242,0
24243,0
24244,0
24245,0
24246,0
24247,0
24248,1
24249,0
24250,1
24251,1
24252,0
24253,0
24254,0
24255,1
24256,0
24257,0
24258,1
24259,0
24260,0
24261,1
24262,0
24263,1
24264,1
24265,0
24266,0
24267,0
24268,0
24269,0
24270,1
24271,1
24272,0
24273,1
24274,0
24275,0
24276,0
24277,0
24278,1
24279,1
24280,0
24281,0
24282,0
24283,0
24284,0
24285,0
24286,1
24287,0
24288,0
24289,1
24290,0
24291,0
24292,0
24293,0
24294,1
24295,1
24296,1
24297,0
24298,1
24299,1
24300,1
24301,0
24302,0
24303,0
24304,0
24305,1
24306,1
24307,0
24308,1
24309,0
24310,0
24311,0
24312,1
24313,1
24314,0
24315,0
24316,0
24317,1
24318,0
24319,0
24320,0
24321,1
24322,0
24323,1
24324,0
24325,1
24326,0
24327,1
24328,0
24329,0
24330,0
24331,0
24332,1
24333,1
24334,1
24335,0
24336,0
24337,0
24338,0
24339,0
24340,1
24341,1
24342,0
24343,0
24344,0
24345,0
24346,0
24347,0
24348,1
24349,1
24350,0
24351,0
24352,0
24353,1
24354,0
24355,0
24356,0
24357,1
24358,0
24359,1
24360,1
24361,1
24362,0
24363,0
24364,1
24365,0
24366,1
24367,0
24368,0
24369,0
24370,0
24371,0
24372,1
24373,0
24374,1
24375,1
24376,1
24377,0
24378,1
24379,0
24380,0
24381,0
24382,0
24383,1
24384,0
24385,0
24386,0
24387,0
24388,1
24389,0
24390,0
24391,1
24392,0
24393,0
24394,0
24395,1
24396,1
24397,1
24398,1
24399,1
24400,1
24401,0
24402,1
24403,1
24404,0
24405,1
24406,0
24407,0
24408,1
24409,1
24410,0
24411,0
24412,0
24413,0
24414,1
24415,0
24416,1
24417,1
24418,1
24419,0
24420,1
24421,0
24422,1
24423,1
24424,0
24425,0
24426,1
24427,0
24428,0
24429,0
24430,1
24431,1
24432,0
24433,1
24434,0
24435,0
24436,1
24437,0
24438,0
24439,1
24440,1
24441,1
24442,1
24443,1
24444,0
24445,1
24446,0
24447,1
24448,1
24449,1
24450,1
24451,1
24452,0
24453,0
24454,1
24455,0
24456,0
24457,0
24458,1
24459,1
24460,0
24461,1
24462,0
24463,0
24464,1
24465,1
24466,0
24467,0
24468,0
24469,0
24470,1
24471,0
24472,1
24473,1
24474,0
24475,1
24476,0
24477,0
24478,1
24479,0
24480,0
24481,0
24482,1
24483,0
24484,0
24485,1
24486,0
24487,1
24488,0
24489,0
24490,1
24491,0
24492,0
24493,0
24494,0
24495,0
24496,1
24497,0
24498,1
24499,0
24500,0
24501,0
24502,0
24503,1
24504,0
24505,0
24506,0
24507,1
24508,1
24509,1
24510,0
24511,1
24512,0
24513,1
24514,0
24515,0
24516,0
24517,0
24518,1
24519,0
24520,1
24521,1
24522,1
24523,1
24524,0
24525,1
24526,0
24527,1
24528,0
24529,0
24530,0
24531,0
24532,1
24533,0
24534,0
24535,1
24536,0
24537,0
24538,0
24539,0
24540,0
24541,0
24542,0
24543,0
24544,0
24545,0
24546,1
24547,0
24548,0
24549,1
24550,0
24551,0
24552,0
24553,1
24554,0
24555,0
24556,0
24557,1
24558,0
24559,0
24560,0
24561,0
24562,1
24563,0
24564,1
24565,0
24566,0
24567,0
24568,1
24569,0
24570,1
24571,0
24572,1
24573,0
24574,0
24575,1
24576,0
24577,0
24578,0
24579,0
24580,0
24581,0
24582,0
24583,0
24584,0
24585,1
24586,0
24587,0
24588,0
24589,0
24590,1
24591,1
24592,0
24593,1
24594,0
24595,0
24596,0
24597,0
24598,1
24599,0
24600,0
24601,0
24602,0
24603,0
24604,0
24605,0
24606,0
24607,0
24608,0
24609,0
24610,0
24611,1
24612,0
24613,0
24614,0
24615,0
24616,0
24617,1
24618,0
24619,1
24620,0
24621,0
24622,0
24623,0
24624,0
24625,0
24626,1
24627,0
24628,0
24629,0
24630,1
24631,0
24632,0
24633,0
24634,0
24635,1
24636,0
24637,0
24638,0
24639,1
24640,0
24641,0
24642,0
24643,0
24644,1
24645,0
24646,1
24647,0
24648,0
24649,0
24650,0
24651,1
24652,0
24653,0
24654,1
24655,0
24656,0
24657,0
24658,0
24659,0
24660,1
24661,1
24662,0
24663,0
24664,1
24665,0
24666,1
24667,1
24668,0
24669,0
24670,1
24671,1
24672,1
24673,0
24674,0
24675,0
24676,0
24677,0
24678,1
24679,1
24680,1
24681,0
24682,0
24683,1
24684,0
24685,0
24686,1
24687,0
24688,1
24689,0
24690,0
24691,1
24692,1
24693,1
24694,0
24695,0
24696,0
24697,1
24698,0
24699,0
24700,0
24701,0
24702,0
24703,0
24704,1
24705,1
24706,1
24707,1
24708,0
24709,0
24710,0
24711,1
24712,1
24713,0
24714,0
24715,0
24716,0
24717,0
24718,0
24719,0
24720,0
24721,0
24722,0
24723,1
24724,0
24725,0
24726,1
24727,1
24728,0
24729,1
24730,1
24731,0
24732,1
24733,0
24734,1
24735,0
24736,0
24737,0
24738,1
24739,1
24740,0
24741,0
24742,0
24743,0
24744,0
24745,0
24746,1
24747,0
24748,0
24749,1
24750,1
24751,1
24752,1
24753,0
24754,0
24755,1
24756,0
24757,0
24758,0
24759,0
24760,1
24761,0
24762,1
24763,0
24764,0
24765,0
24766,1
24767,1
24768,0
24769,0
24770,1
24771,0
24772,0
24773,0
24774,0
24775,0
24776,0
24777,0
24778,0
24779,0
24780,0
24781,1
24782,0
24783,1
24784,1
24785,1
24786,0
24787,0
24788,1
24789,1
24790,0
24791,0
24792,0
24793,0
24794,1
24795,0
24796,0
24797,0
24798,0
24799,1
24800,0
24801,0
24802,0
24803,0
24804,0
24805,1
24806,0
24807,0
24808,0
24809,0
24810,1
24811,1
24812,0
24813,0
24814,0
24815,0
24816,1
24817,0
24818,0
24819,1
24820,0
24821,1
24822,0
24823,1
24824,0
24825,0
24826,0
24827,0
24828,0
24829,1
24830,0
24831,0
24832,1
24833,0
24834,1
24835,0
24836,0
24837,0
24838,1
24839,0
24840,1
24841,0
24842,0
24843,0
24844,0
24845,0
24846,1
24847,1
24848,0
24849,0
24850,1
24851,0
24852,0
24853,0
24854,0
24855,0
24856,1
24857,1
24858,1
24859,0
24860,1
24861,0
24862,0
24863,0
24864,0
24865,1
24866,0
24867,0
24868,1
24869,1
24870,0
24871,0
24872,0
24873,1
24874,0
24875,1
24876,0
24877,0
24878,0
24879,1
24880,1
24881,1
24882,1
24883,0
24884,0
24885,1
24886,1
24887,0
24888,0
24889,1
24890,1
24891,1
24892,0
24893,0
24894,1
24895,0
24896,0
24897,0
24898,0
24899,0
24900,1
24901,0
24902,1
24903,0
24904,1
24905,0
24906,1
24907,1
24908,0
24909,0
24910,0
24911,0
24912,0
24913,0
24914,0
24915,0
24916,0
24917,0
24918,0
24919,0
24920,1
24921,1
24922,0
24923,1
24924,0
24925,0
24926,1
24927,0
24928,0
24929,0
24930,1
24931,1
24932,0
24933,0
24934,0
24935,0
24936,0
24937,0
24938,1
24939,0
24940,0
24941,0
24942,1
24943,1
24944,1
24945,1
24946,0
24947,1
24948,0
24949,0
24950,0
24951,1
24952,0
24953,0
24954,1
24955,0
24956,0
24957,0
24958,1
24959,1
24960,1
24961,0
24962,0
24963,0
24964,1
24965,0
24966,0
24967,0
24968,1
24969,0
24970,1
24971,1
24972,0
24973,0
24974,0
24975,0
24976,0
24977,0
24978,0
24979,1
24980,0
24981,0
24982,1
24983,0
24984,1
24985,1
24986,1
24987,0
24988,1
24989,1
24990,0
24991,1
24992,0
24993,1
24994,1
24995,0
24996,0
24997,1
24998,0
24999,0
